row,dataset_label,threat,threat_confidence,attack_family,attack_confidence,destination_port,flow_duration,packet_rate,byte_rate,forward_packets,backward_packets,risk_score,risk_level,priority
0,Benign,Benign,0.9170571949301872,Benign,0.0,0,112640768,0.026633341,0.0,3,0,0.0,BENIGN,BENIGN
1,Benign,Benign,0.9620148427197891,Benign,0.0,0,112641773,0.026633104,0.0,3,0,0.0,BENIGN,BENIGN
2,Benign,Benign,0.8900238095238093,Benign,0.0,35605,20784143,3.223611385,180.9071464,23,44,0.0,BENIGN,BENIGN
3,Benign,Benign,0.9504553303874044,Benign,0.0,0,112640836,0.026633325,0.0,3,0,0.0,BENIGN,BENIGN
4,Benign,Benign,0.9816094667587908,Benign,0.0,23,20,100000.0,0.0,1,1,0.0,BENIGN,BENIGN
5,Benign,Benign,0.9538803499901675,Benign,0.0,0,112641178,0.026633244,0.0,3,0,0.0,BENIGN,BENIGN
6,Benign,Benign,0.9600483123760619,Benign,0.0,0,112641264,0.026633224,0.0,3,0,0.0,BENIGN,BENIGN
7,Benign,Benign,0.951112284318442,Benign,0.0,0,112641525,0.026633162,0.0,3,0,0.0,BENIGN,BENIGN
8,Benign,Benign,0.9461828393742899,Benign,0.0,0,112641414,0.026633188,0.0,3,0,0.0,BENIGN,BENIGN
9,Benign,Benign,0.9528730503628473,Benign,0.0,0,112641379,0.026633197,0.0,3,0,0.0,BENIGN,BENIGN
10,Benign,Benign,0.9426658936000346,Benign,0.0,23,24,83333.33333,0.0,1,1,0.0,BENIGN,BENIGN
11,Benign,Benign,0.9356696541149813,Benign,0.0,0,112639807,0.026633568,0.0,3,0,0.0,BENIGN,BENIGN
12,Benign,Benign,0.9711233880405541,Benign,0.0,23,22,90909.09091,0.0,1,1,0.0,BENIGN,BENIGN
13,Benign,Benign,0.9605010803960725,Benign,0.0,0,112640246,0.026633465,0.0,3,0,0.0,BENIGN,BENIGN
14,Benign,Benign,0.9800000000000002,Benign,0.0,80,260500,122.840691,93619.96161,16,16,0.0,BENIGN,BENIGN
15,Benign,Malicious,0.6274338952148784,Infiltration,0.5474303700808487,80,198326,10.08440648,0.0,2,0,82.92,HIGH,CRITICAL
16,Benign,Benign,0.9823333333333333,Benign,0.0,80,340364,141.0254904,135117.1099,24,24,0.0,BENIGN,BENIGN
17,Benign,Benign,0.8108705907250318,Benign,0.0,80,840596,2.379264236,0.0,2,0,0.0,BENIGN,BENIGN
18,Benign,Benign,0.9813650793650794,Benign,0.0,80,1677127,67.97338544,64581.275,59,55,0.0,BENIGN,BENIGN
19,Benign,Benign,0.9833333333333333,Benign,0.0,80,1676473,653.7534455,935313.0053,207,889,0.0,BENIGN,BENIGN
20,Benign,Benign,0.9497611948254839,Benign,0.0,0,112640552,0.026633392,0.0,3,0,0.0,BENIGN,BENIGN
21,Benign,Benign,0.952298386777728,Benign,0.0,0,112640757,0.026633344,0.0,3,0,0.0,BENIGN,BENIGN
22,Benign,Benign,0.960700433399513,Benign,0.0,0,112641141,0.026633253,0.0,3,0,0.0,BENIGN,BENIGN
23,Benign,Benign,0.986961963724721,Benign,0.0,67,685,2919.708029,918248.1752,1,1,0.0,BENIGN,BENIGN
24,Benign,Benign,0.9273989665200961,Benign,0.0,0,112640905,0.026633309,0.0,3,0,0.0,BENIGN,BENIGN
25,Benign,Benign,0.9383851692822273,Benign,0.0,23,23,86956.52174,0.0,1,1,0.0,BENIGN,BENIGN
26,Benign,Benign,0.9272222222222223,Benign,0.0,22,2161996,11.1008531,1647.551614,14,10,0.0,BENIGN,BENIGN
27,Benign,Benign,0.9283333333333331,Benign,0.0,22,2158562,11.11851316,1650.172661,14,10,0.0,BENIGN,BENIGN
28,Benign,Benign,0.941460154892487,Benign,0.0,0,112641080,0.026633267,0.0,3,0,0.0,BENIGN,BENIGN
29,Benign,Benign,0.9549543014448405,Benign,0.0,0,112641107,0.026633261,0.0,3,0,0.0,BENIGN,BENIGN
30,Benign,Benign,0.9605010803960725,Benign,0.0,0,112641162,0.026633248,0.0,3,0,0.0,BENIGN,BENIGN
31,Benign,Benign,0.7750158730158729,Benign,0.0,35605,54051783,5.568733968,299.2685736,141,160,0.0,BENIGN,BENIGN
32,Benign,Benign,0.9463453720382241,Benign,0.0,0,112641202,0.026633239,0.0,3,0,0.0,BENIGN,BENIGN
33,Benign,Benign,0.951702839698461,Benign,0.0,0,112641133,0.026633255,0.0,3,0,0.0,BENIGN,BENIGN
34,Benign,Benign,0.9983333333333333,Benign,0.0,22,3637974,7.146835024,965.3724848,14,12,0.0,BENIGN,BENIGN
35,Benign,Benign,0.9386018974762778,Benign,0.0,0,112641202,0.026633239,0.0,3,0,0.0,BENIGN,BENIGN
36,Benign,Benign,0.9620148427197891,Benign,0.0,0,112639332,0.026633681,0.0,3,0,0.0,BENIGN,BENIGN
37,Benign,Benign,0.9497180961205567,Benign,0.0,0,112639428,0.026633658,0.0,3,0,0.0,BENIGN,BENIGN
38,Benign,Benign,1.0,Benign,0.0,22,7324765,2.320893571,322.194637,10,7,0.0,BENIGN,BENIGN
39,Benign,Benign,0.9977777777777779,Benign,0.0,40298,928,2155.172414,913793.1034,2,0,0.0,BENIGN,BENIGN
40,Benign,Benign,0.9711233880405541,Benign,0.0,23,22,90909.09091,0.0,1,1,0.0,BENIGN,BENIGN
41,Benign,Benign,0.9445414214406761,Benign,0.0,0,112639893,0.026633548,0.0,3,0,0.0,BENIGN,BENIGN
42,Benign,Benign,0.9833333333333335,Benign,0.0,22,7288401,2.195268894,323.8021618,9,7,0.0,BENIGN,BENIGN
43,Benign,Benign,1.0,Benign,0.0,51636,841,2378.121284,1008323.424,2,0,0.0,BENIGN,BENIGN
44,Benign,Benign,0.9822222222222224,Benign,0.0,22,7588843,2.108358283,310.9828468,9,7,0.0,BENIGN,BENIGN
45,Benign,Benign,1.0,Benign,0.0,51630,874,2288.329519,970251.7162,2,0,0.0,BENIGN,BENIGN
46,Benign,Benign,0.9145238095238093,Benign,0.0,23,91274251,0.04382397,0.0,2,2,0.0,BENIGN,BENIGN
47,Benign,Benign,0.9803333333333334,Benign,0.0,22,5017533,5.181829397,699.9455709,14,12,0.0,BENIGN,BENIGN
48,Benign,Benign,1.0,Benign,0.0,22,4531289,5.737881649,775.0553981,14,12,0.0,BENIGN,BENIGN
49,Benign,Benign,0.9922222222222223,Benign,0.0,22,3451504,7.532947955,1017.527432,14,12,0.0,BENIGN,BENIGN
50,Benign,Benign,0.9683827384553338,Benign,0.0,67,827,2418.379686,760580.4111,1,1,0.0,BENIGN,BENIGN
51,Benign,Benign,0.9966666666666667,Benign,0.0,22,4044008,6.429265224,868.4453641,14,12,0.0,BENIGN,BENIGN
52,Benign,Benign,0.9540337667328462,Benign,0.0,0,112640151,0.026633487,0.0,3,0,0.0,BENIGN,BENIGN
53,Benign,Benign,0.9620148427197891,Benign,0.0,0,112640394,0.02663343,0.0,3,0,0.0,BENIGN,BENIGN
54,Benign,Benign,0.9456419591229146,Benign,0.0,0,112640531,0.026633397,0.0,3,0,0.0,BENIGN,BENIGN
55,Benign,Benign,0.9804468728661485,Benign,0.0,23,21,95238.09524,0.0,1,1,0.0,BENIGN,BENIGN
56,Benign,Benign,0.9456419591229146,Benign,0.0,0,112640713,0.026633354,0.0,3,0,0.0,BENIGN,BENIGN
57,Benign,Benign,1.0,Benign,0.0,22,3555763,7.593306978,987.6923743,15,12,0.0,BENIGN,BENIGN
58,Benign,Benign,1.0,Benign,0.0,22,4404241,5.903400836,797.4132206,14,12,0.0,BENIGN,BENIGN
59,Benign,Benign,1.0,Benign,0.0,22,4040754,6.681921245,869.144719,15,12,0.0,BENIGN,BENIGN
60,Benign,Benign,0.9513425990812444,Benign,0.0,0,112640616,0.026633377,0.0,3,0,0.0,BENIGN,BENIGN
61,Benign,Benign,0.9955555555555554,Benign,0.0,22,3800249,7.104797607,924.1499702,15,12,0.0,BENIGN,BENIGN
62,Benign,Benign,1.0,Benign,0.0,22,7024238,2.420191343,335.9795041,10,7,0.0,BENIGN,BENIGN
63,Benign,Benign,1.0,Benign,0.0,44366,864,2314.814815,981481.4815,2,0,0.0,BENIGN,BENIGN
64,Benign,Benign,0.9405830645957358,Benign,0.0,0,112640697,0.026633358,0.0,3,0,0.0,BENIGN,BENIGN
65,Benign,Benign,1.0,Benign,0.0,22,1589632,15.09783396,2269.707706,12,12,0.0,BENIGN,BENIGN
66,Benign,Benign,0.9712222222222222,Benign,0.0,22,7460939,2.278533573,316.3140725,10,7,0.0,BENIGN,BENIGN
67,Benign,Benign,0.9977777777777779,Benign,0.0,55648,893,2239.641657,949608.0627,2,0,0.0,BENIGN,BENIGN
68,Benign,Benign,0.9933333333333333,Benign,0.0,22,7541954,2.254057768,312.9162549,10,7,0.0,BENIGN,BENIGN
69,Benign,Benign,0.9977777777777779,Benign,0.0,55698,860,2325.581395,986046.5116,2,0,0.0,BENIGN,BENIGN
70,Benign,Benign,0.993111111111111,Benign,0.0,22,1899775,13.68583122,1907.59432,14,12,0.0,BENIGN,BENIGN
71,Benign,Benign,0.9437471475730578,Benign,0.0,0,112640810,0.026633331,0.0,3,0,0.0,BENIGN,BENIGN
72,Benign,Benign,0.9605010803960725,Benign,0.0,0,112640757,0.026633344,0.0,3,0,0.0,BENIGN,BENIGN
73,Benign,Benign,0.9883333333333333,Benign,0.0,22,1020502,22.53792741,3535.514874,11,12,0.0,BENIGN,BENIGN
74,Benign,Benign,0.951003803174364,Benign,0.0,0,112640932,0.026633302,0.0,3,0,0.0,BENIGN,BENIGN
75,Benign,Benign,0.9951104515813195,Benign,0.0,67,656,3048.780488,958841.4634,1,1,0.0,BENIGN,BENIGN
76,Benign,Benign,0.9576305994661798,Benign,0.0,0,112639665,0.026633602,0.0,3,0,0.0,BENIGN,BENIGN
77,Benign,Benign,0.9900000000000002,Benign,0.0,22,2405536,10.80840195,1506.524949,14,12,0.0,BENIGN,BENIGN
78,Benign,Benign,0.951848767931219,Benign,0.0,0,112639508,0.026633639,0.0,3,0,0.0,BENIGN,BENIGN
79,Benign,Benign,0.9782222222222221,Benign,0.0,22,2077116,11.55448227,1737.023835,12,12,0.0,BENIGN,BENIGN
80,Benign,Benign,0.719095238095238,Benign,0.0,22,279845,32.16066037,5717.450732,4,5,0.0,BENIGN,BENIGN
81,Benign,Benign,0.9633499293621622,Benign,0.0,22,49,61224.4898,1142857.143,2,1,0.0,BENIGN,BENIGN
82,Benign,Benign,0.9707777777777779,Benign,0.0,22,5823709,2.747390022,405.2400283,9,7,0.0,BENIGN,BENIGN
83,Benign,Benign,1.0,Benign,0.0,47670,851,2350.176263,996474.7356,2,0,0.0,BENIGN,BENIGN
84,Benign,Benign,0.946153233127922,Benign,0.0,0,112639839,0.026633561,0.0,3,0,0.0,BENIGN,BENIGN
85,Benign,Benign,0.9955555555555554,Benign,0.0,22,346200,28.88503755,3087.810514,6,4,0.0,BENIGN,BENIGN
86,Benign,Benign,0.9751720750946032,Benign,0.0,0,112640070,0.026633506,0.0,3,0,0.0,BENIGN,BENIGN
87,Benign,Benign,0.985,Benign,0.0,22,2472399,10.92056743,1465.782829,15,12,0.0,BENIGN,BENIGN
88,Benign,Benign,1.0,Benign,0.0,22,7071492,2.404018841,333.7343802,10,7,0.0,BENIGN,BENIGN
89,Benign,Benign,1.0,Benign,0.0,59382,861,2322.880372,984901.2776,2,0,0.0,BENIGN,BENIGN
90,Benign,Benign,0.9933333333333333,Benign,0.0,22,8311367,2.04539157,283.9484768,10,7,0.0,BENIGN,BENIGN
91,Benign,Benign,1.0,Benign,0.0,59650,887,2254.791432,956031.5671,2,0,0.0,BENIGN,BENIGN
92,Benign,Benign,0.941460154892487,Benign,0.0,0,112640282,0.026633456,0.0,3,0,0.0,BENIGN,BENIGN
93,Benign,Benign,0.9766666666666665,Benign,0.0,35605,310350,32.22168519,13404.22104,5,5,0.0,BENIGN,BENIGN
94,Benign,Benign,0.9139687442075901,Benign,0.0,0,112640378,0.026633433,0.0,3,0,0.0,BENIGN,BENIGN
95,Benign,Benign,0.916092289852239,Benign,0.0,0,112640521,0.0266334,0.0,3,0,0.0,BENIGN,BENIGN
96,Benign,Benign,0.9003735133376193,Benign,0.0,35605,87257,45.84159437,1466.93102,3,1,0.0,BENIGN,BENIGN
97,DoS attacks-SlowHTTPTest,Malicious,0.9990243989046871,DoS,0.9969142350527069,21,21,95238.09524,0.0,1,1,93.91,CRITICAL,CRITICAL
98,DoS attacks-SlowHTTPTest,Malicious,0.9991814261356236,DoS,0.9972008096959903,21,3,666666.6667,0.0,1,1,93.92,CRITICAL,CRITICAL
99,DoS attacks-SlowHTTPTest,Malicious,0.9991814261356236,DoS,0.9972008096959903,21,3,666666.6667,0.0,1,1,93.92,CRITICAL,CRITICAL
100,DoS attacks-SlowHTTPTest,Malicious,0.9991814261356236,DoS,0.9972008096959903,21,3,666666.6667,0.0,1,1,93.92,CRITICAL,CRITICAL
101,DoS attacks-SlowHTTPTest,Malicious,0.997021980013712,DoS,0.9959146952429924,21,2,1000000.0,0.0,1,1,93.88,CRITICAL,CRITICAL
102,DoS attacks-SlowHTTPTest,Malicious,0.997021980013712,DoS,0.9959146952429924,21,2,1000000.0,0.0,1,1,93.88,CRITICAL,CRITICAL
103,DoS attacks-SlowHTTPTest,Malicious,0.9991814261356236,DoS,0.9972008096959903,21,3,666666.6667,0.0,1,1,93.92,CRITICAL,CRITICAL
104,DoS attacks-SlowHTTPTest,Malicious,0.9991814261356236,DoS,0.9972008096959903,21,3,666666.6667,0.0,1,1,93.92,CRITICAL,CRITICAL
105,DoS attacks-SlowHTTPTest,Malicious,0.997021980013712,DoS,0.9959146952429924,21,2,1000000.0,0.0,1,1,93.88,CRITICAL,CRITICAL
106,DoS attacks-SlowHTTPTest,Malicious,0.997021980013712,DoS,0.9959146952429924,21,2,1000000.0,0.0,1,1,93.88,CRITICAL,CRITICAL
107,DoS attacks-SlowHTTPTest,Malicious,0.998941075707827,DoS,0.9964058981213615,21,20,100000.0,0.0,1,1,93.89,CRITICAL,CRITICAL
108,DoS attacks-SlowHTTPTest,Malicious,0.9991814261356236,DoS,0.9972008096959903,21,3,666666.6667,0.0,1,1,93.92,CRITICAL,CRITICAL
109,DoS attacks-SlowHTTPTest,Malicious,0.997021980013712,DoS,0.9959146952429924,21,2,1000000.0,0.0,1,1,93.88,CRITICAL,CRITICAL
110,DoS attacks-SlowHTTPTest,Malicious,0.997021980013712,DoS,0.9959146952429924,21,2,1000000.0,0.0,1,1,93.88,CRITICAL,CRITICAL
111,DoS attacks-SlowHTTPTest,Malicious,0.9991814261356236,DoS,0.9972008096959903,21,3,666666.6667,0.0,1,1,93.92,CRITICAL,CRITICAL
112,DoS attacks-SlowHTTPTest,Malicious,0.997021980013712,DoS,0.9959146952429924,21,2,1000000.0,0.0,1,1,93.88,CRITICAL,CRITICAL
113,DoS attacks-SlowHTTPTest,Malicious,0.997021980013712,DoS,0.9959146952429924,21,2,1000000.0,0.0,1,1,93.88,CRITICAL,CRITICAL
114,DoS attacks-SlowHTTPTest,Malicious,0.9991814261356236,DoS,0.9972008096959903,21,3,666666.6667,0.0,1,1,93.92,CRITICAL,CRITICAL
115,DoS attacks-SlowHTTPTest,Malicious,0.997021980013712,DoS,0.9959146952429924,21,2,1000000.0,0.0,1,1,93.88,CRITICAL,CRITICAL
116,DoS attacks-SlowHTTPTest,Malicious,0.997021980013712,DoS,0.9959146952429924,21,2,1000000.0,0.0,1,1,93.88,CRITICAL,CRITICAL
117,DoS attacks-SlowHTTPTest,Malicious,0.9990451212632977,DoS,0.9960952278334371,21,22,90909.09091,0.0,1,1,93.88,CRITICAL,CRITICAL
118,DoS attacks-SlowHTTPTest,Malicious,0.9991814261356236,DoS,0.9972008096959903,21,3,666666.6667,0.0,1,1,93.92,CRITICAL,CRITICAL
119,DoS attacks-SlowHTTPTest,Malicious,0.997021980013712,DoS,0.9959146952429924,21,2,1000000.0,0.0,1,1,93.88,CRITICAL,CRITICAL
120,DoS attacks-SlowHTTPTest,Malicious,0.9991814261356236,DoS,0.9972008096959903,21,3,666666.6667,0.0,1,1,93.92,CRITICAL,CRITICAL
121,DoS attacks-SlowHTTPTest,Malicious,0.9991814261356236,DoS,0.9972008096959903,21,3,666666.6667,0.0,1,1,93.92,CRITICAL,CRITICAL
122,DoS attacks-SlowHTTPTest,Malicious,0.997021980013712,DoS,0.9959146952429924,21,2,1000000.0,0.0,1,1,93.88,CRITICAL,CRITICAL
123,DoS attacks-SlowHTTPTest,Malicious,0.997021980013712,DoS,0.9959146952429924,21,2,1000000.0,0.0,1,1,93.88,CRITICAL,CRITICAL
124,DoS attacks-SlowHTTPTest,Malicious,0.997021980013712,DoS,0.9959146952429924,21,2,1000000.0,0.0,1,1,93.88,CRITICAL,CRITICAL
125,DoS attacks-SlowHTTPTest,Malicious,0.9991814261356236,DoS,0.9972008096959903,21,3,666666.6667,0.0,1,1,93.92,CRITICAL,CRITICAL
126,DoS attacks-SlowHTTPTest,Malicious,0.997021980013712,DoS,0.9959146952429924,21,2,1000000.0,0.0,1,1,93.88,CRITICAL,CRITICAL
127,DoS attacks-SlowHTTPTest,Malicious,0.9990243989046871,DoS,0.9969142350527069,21,21,95238.09524,0.0,1,1,93.91,CRITICAL,CRITICAL
128,DoS attacks-SlowHTTPTest,Malicious,0.997021980013712,DoS,0.9959146952429924,21,2,1000000.0,0.0,1,1,93.88,CRITICAL,CRITICAL
129,DoS attacks-SlowHTTPTest,Malicious,0.9991122368835774,DoS,0.9972053722040928,21,4,500000.0,0.0,1,1,93.92,CRITICAL,CRITICAL
130,DoS attacks-SlowHTTPTest,Malicious,0.9991814261356236,DoS,0.9972008096959903,21,3,666666.6667,0.0,1,1,93.92,CRITICAL,CRITICAL
131,DoS attacks-SlowHTTPTest,Malicious,0.9991122368835774,DoS,0.9972053722040928,21,4,500000.0,0.0,1,1,93.92,CRITICAL,CRITICAL
132,DoS attacks-SlowHTTPTest,Malicious,0.9991814261356236,DoS,0.9972008096959903,21,3,666666.6667,0.0,1,1,93.92,CRITICAL,CRITICAL
133,DoS attacks-SlowHTTPTest,Malicious,0.9991814261356236,DoS,0.9972008096959903,21,3,666666.6667,0.0,1,1,93.92,CRITICAL,CRITICAL
134,DoS attacks-SlowHTTPTest,Malicious,0.9991814261356236,DoS,0.9972008096959903,21,3,666666.6667,0.0,1,1,93.92,CRITICAL,CRITICAL
135,DoS attacks-SlowHTTPTest,Malicious,0.9991814261356236,DoS,0.9972008096959903,21,3,666666.6667,0.0,1,1,93.92,CRITICAL,CRITICAL
136,DoS attacks-SlowHTTPTest,Malicious,0.9991814261356236,DoS,0.9972008096959903,21,3,666666.6667,0.0,1,1,93.92,CRITICAL,CRITICAL
137,DoS attacks-SlowHTTPTest,Malicious,0.9990243989046871,DoS,0.9969142350527069,21,21,95238.09524,0.0,1,1,93.91,CRITICAL,CRITICAL
138,DoS attacks-SlowHTTPTest,Malicious,0.9991814261356236,DoS,0.9972008096959903,21,3,666666.6667,0.0,1,1,93.92,CRITICAL,CRITICAL
139,DoS attacks-SlowHTTPTest,Malicious,0.9991814261356236,DoS,0.9972008096959903,21,3,666666.6667,0.0,1,1,93.92,CRITICAL,CRITICAL
140,DoS attacks-SlowHTTPTest,Malicious,0.9991814261356236,DoS,0.9972008096959903,21,3,666666.6667,0.0,1,1,93.92,CRITICAL,CRITICAL
141,DoS attacks-SlowHTTPTest,Malicious,0.997021980013712,DoS,0.9959146952429924,21,2,1000000.0,0.0,1,1,93.88,CRITICAL,CRITICAL
142,DoS attacks-SlowHTTPTest,Malicious,0.9991814261356236,DoS,0.9972008096959903,21,3,666666.6667,0.0,1,1,93.92,CRITICAL,CRITICAL
143,DoS attacks-SlowHTTPTest,Malicious,0.9991814261356236,DoS,0.9972008096959903,21,3,666666.6667,0.0,1,1,93.92,CRITICAL,CRITICAL
144,DoS attacks-SlowHTTPTest,Malicious,0.9991814261356236,DoS,0.9972008096959903,21,3,666666.6667,0.0,1,1,93.92,CRITICAL,CRITICAL
145,DoS attacks-SlowHTTPTest,Malicious,0.997021980013712,DoS,0.9959146952429924,21,2,1000000.0,0.0,1,1,93.88,CRITICAL,CRITICAL
146,DoS attacks-SlowHTTPTest,Malicious,0.9991814261356236,DoS,0.9972008096959903,21,3,666666.6667,0.0,1,1,93.92,CRITICAL,CRITICAL
147,DoS attacks-SlowHTTPTest,Malicious,0.998941075707827,DoS,0.9964058981213615,21,20,100000.0,0.0,1,1,93.89,CRITICAL,CRITICAL
148,DoS attacks-SlowHTTPTest,Malicious,0.9991814261356236,DoS,0.9972008096959903,21,3,666666.6667,0.0,1,1,93.92,CRITICAL,CRITICAL
149,DoS attacks-SlowHTTPTest,Malicious,0.9991814261356236,DoS,0.9972008096959903,21,3,666666.6667,0.0,1,1,93.92,CRITICAL,CRITICAL
150,DoS attacks-SlowHTTPTest,Malicious,0.9991814261356236,DoS,0.9972008096959903,21,3,666666.6667,0.0,1,1,93.92,CRITICAL,CRITICAL
151,DoS attacks-SlowHTTPTest,Malicious,0.997021980013712,DoS,0.9959146952429924,21,2,1000000.0,0.0,1,1,93.88,CRITICAL,CRITICAL
152,DoS attacks-SlowHTTPTest,Malicious,0.9991814261356236,DoS,0.9972008096959903,21,3,666666.6667,0.0,1,1,93.92,CRITICAL,CRITICAL
153,DoS attacks-SlowHTTPTest,Malicious,0.9991814261356236,DoS,0.9972008096959903,21,3,666666.6667,0.0,1,1,93.92,CRITICAL,CRITICAL
154,DoS attacks-SlowHTTPTest,Malicious,0.998113969298063,DoS,0.9950394177558619,21,7,285714.2857,0.0,1,1,93.85,CRITICAL,CRITICAL
155,DoS attacks-SlowHTTPTest,Malicious,0.997021980013712,DoS,0.9959146952429924,21,2,1000000.0,0.0,1,1,93.88,CRITICAL,CRITICAL
156,DoS attacks-SlowHTTPTest,Malicious,0.9991814261356236,DoS,0.9972008096959903,21,3,666666.6667,0.0,1,1,93.92,CRITICAL,CRITICAL
157,DoS attacks-SlowHTTPTest,Malicious,0.9990243989046871,DoS,0.9969142350527069,21,21,95238.09524,0.0,1,1,93.91,CRITICAL,CRITICAL
158,DoS attacks-SlowHTTPTest,Malicious,0.9991814261356236,DoS,0.9972008096959903,21,3,666666.6667,0.0,1,1,93.92,CRITICAL,CRITICAL
159,DoS attacks-SlowHTTPTest,Malicious,0.997021980013712,DoS,0.9959146952429924,21,2,1000000.0,0.0,1,1,93.88,CRITICAL,CRITICAL
160,DoS attacks-SlowHTTPTest,Malicious,0.997021980013712,DoS,0.9959146952429924,21,2,1000000.0,0.0,1,1,93.88,CRITICAL,CRITICAL
161,DoS attacks-SlowHTTPTest,Malicious,0.997021980013712,DoS,0.9959146952429924,21,2,1000000.0,0.0,1,1,93.88,CRITICAL,CRITICAL
162,DoS attacks-SlowHTTPTest,Malicious,0.9991814261356236,DoS,0.9972008096959903,21,3,666666.6667,0.0,1,1,93.92,CRITICAL,CRITICAL
163,DoS attacks-SlowHTTPTest,Malicious,0.997021980013712,DoS,0.9959146952429924,21,2,1000000.0,0.0,1,1,93.88,CRITICAL,CRITICAL
164,DoS attacks-SlowHTTPTest,Malicious,0.9991814261356236,DoS,0.9972008096959903,21,3,666666.6667,0.0,1,1,93.92,CRITICAL,CRITICAL
165,DoS attacks-SlowHTTPTest,Malicious,0.9991814261356236,DoS,0.9972008096959903,21,3,666666.6667,0.0,1,1,93.92,CRITICAL,CRITICAL
166,DoS attacks-SlowHTTPTest,Malicious,0.9991814261356236,DoS,0.9972008096959903,21,3,666666.6667,0.0,1,1,93.92,CRITICAL,CRITICAL
167,DoS attacks-SlowHTTPTest,Malicious,0.998941075707827,DoS,0.9964058981213615,21,20,100000.0,0.0,1,1,93.89,CRITICAL,CRITICAL
168,DoS attacks-SlowHTTPTest,Malicious,0.9991814261356236,DoS,0.9972008096959903,21,3,666666.6667,0.0,1,1,93.92,CRITICAL,CRITICAL
169,DoS attacks-SlowHTTPTest,Malicious,0.997021980013712,DoS,0.9959146952429924,21,2,1000000.0,0.0,1,1,93.88,CRITICAL,CRITICAL
170,DoS attacks-SlowHTTPTest,Malicious,0.997021980013712,DoS,0.9959146952429924,21,2,1000000.0,0.0,1,1,93.88,CRITICAL,CRITICAL
171,DoS attacks-SlowHTTPTest,Malicious,0.997021980013712,DoS,0.9959146952429924,21,2,1000000.0,0.0,1,1,93.88,CRITICAL,CRITICAL
172,DoS attacks-SlowHTTPTest,Malicious,0.997021980013712,DoS,0.9959146952429924,21,2,1000000.0,0.0,1,1,93.88,CRITICAL,CRITICAL
173,DoS attacks-SlowHTTPTest,Malicious,0.9991814261356236,DoS,0.9972008096959903,21,3,666666.6667,0.0,1,1,93.92,CRITICAL,CRITICAL
174,DoS attacks-SlowHTTPTest,Malicious,0.9991814261356236,DoS,0.9972008096959903,21,3,666666.6667,0.0,1,1,93.92,CRITICAL,CRITICAL
175,DoS attacks-SlowHTTPTest,Malicious,0.997021980013712,DoS,0.9959146952429924,21,2,1000000.0,0.0,1,1,93.88,CRITICAL,CRITICAL
176,DoS attacks-SlowHTTPTest,Malicious,0.997021980013712,DoS,0.9959146952429924,21,2,1000000.0,0.0,1,1,93.88,CRITICAL,CRITICAL
177,DoS attacks-SlowHTTPTest,Malicious,0.998941075707827,DoS,0.9964058981213615,21,20,100000.0,0.0,1,1,93.89,CRITICAL,CRITICAL
178,DoS attacks-SlowHTTPTest,Malicious,0.9991814261356236,DoS,0.9972008096959903,21,3,666666.6667,0.0,1,1,93.92,CRITICAL,CRITICAL
179,DoS attacks-SlowHTTPTest,Malicious,0.9991814261356236,DoS,0.9972008096959903,21,3,666666.6667,0.0,1,1,93.92,CRITICAL,CRITICAL
180,DoS attacks-SlowHTTPTest,Malicious,0.997021980013712,DoS,0.9959146952429924,21,2,1000000.0,0.0,1,1,93.88,CRITICAL,CRITICAL
181,DoS attacks-SlowHTTPTest,Malicious,0.997021980013712,DoS,0.9959146952429924,21,2,1000000.0,0.0,1,1,93.88,CRITICAL,CRITICAL
182,DoS attacks-SlowHTTPTest,Malicious,0.997021980013712,DoS,0.9959146952429924,21,2,1000000.0,0.0,1,1,93.88,CRITICAL,CRITICAL
183,DoS attacks-SlowHTTPTest,Malicious,0.9991814261356236,DoS,0.9972008096959903,21,3,666666.6667,0.0,1,1,93.92,CRITICAL,CRITICAL
184,DoS attacks-SlowHTTPTest,Malicious,0.9991814261356236,DoS,0.9972008096959903,21,3,666666.6667,0.0,1,1,93.92,CRITICAL,CRITICAL
185,DoS attacks-SlowHTTPTest,Malicious,0.997021980013712,DoS,0.9959146952429924,21,2,1000000.0,0.0,1,1,93.88,CRITICAL,CRITICAL
186,DoS attacks-SlowHTTPTest,Malicious,0.9991814261356236,DoS,0.9972008096959903,21,3,666666.6667,0.0,1,1,93.92,CRITICAL,CRITICAL
187,DoS attacks-SlowHTTPTest,Malicious,0.9990451212632977,DoS,0.9960952278334371,21,22,90909.09091,0.0,1,1,93.88,CRITICAL,CRITICAL
188,DoS attacks-SlowHTTPTest,Malicious,0.9991814261356236,DoS,0.9972008096959903,21,3,666666.6667,0.0,1,1,93.92,CRITICAL,CRITICAL
189,DoS attacks-SlowHTTPTest,Malicious,0.9991814261356236,DoS,0.9972008096959903,21,3,666666.6667,0.0,1,1,93.92,CRITICAL,CRITICAL
190,DoS attacks-SlowHTTPTest,Malicious,0.997021980013712,DoS,0.9959146952429924,21,2,1000000.0,0.0,1,1,93.88,CRITICAL,CRITICAL
191,DoS attacks-SlowHTTPTest,Malicious,0.997021980013712,DoS,0.9959146952429924,21,2,1000000.0,0.0,1,1,93.88,CRITICAL,CRITICAL
192,DoS attacks-SlowHTTPTest,Malicious,0.997021980013712,DoS,0.9959146952429924,21,2,1000000.0,0.0,1,1,93.88,CRITICAL,CRITICAL
193,DoS attacks-SlowHTTPTest,Malicious,0.997021980013712,DoS,0.9959146952429924,21,2,1000000.0,0.0,1,1,93.88,CRITICAL,CRITICAL
194,DoS attacks-SlowHTTPTest,Malicious,0.997021980013712,DoS,0.9959146952429924,21,2,1000000.0,0.0,1,1,93.88,CRITICAL,CRITICAL
195,DoS attacks-SlowHTTPTest,Malicious,0.997021980013712,DoS,0.9959146952429924,21,2,1000000.0,0.0,1,1,93.88,CRITICAL,CRITICAL
196,DoS attacks-SlowHTTPTest,Malicious,0.9991814261356236,DoS,0.9972008096959903,21,3,666666.6667,0.0,1,1,93.92,CRITICAL,CRITICAL
197,DoS attacks-SlowHTTPTest,Malicious,0.9983394210266541,DoS,0.9969169749507311,21,23,86956.52174,0.0,1,1,93.91,CRITICAL,CRITICAL
198,DoS attacks-SlowHTTPTest,Malicious,0.9991122368835774,DoS,0.9972053722040928,21,4,500000.0,0.0,1,1,93.92,CRITICAL,CRITICAL
199,DoS attacks-SlowHTTPTest,Malicious,0.997021980013712,DoS,0.9959146952429924,21,2,1000000.0,0.0,1,1,93.88,CRITICAL,CRITICAL
200,DoS attacks-SlowHTTPTest,Malicious,0.9991122368835774,DoS,0.9972053722040928,21,4,500000.0,0.0,1,1,93.92,CRITICAL,CRITICAL
201,DoS attacks-SlowHTTPTest,Malicious,0.997021980013712,DoS,0.9959146952429924,21,2,1000000.0,0.0,1,1,93.88,CRITICAL,CRITICAL
202,DoS attacks-SlowHTTPTest,Malicious,0.9991814261356236,DoS,0.9972008096959903,21,3,666666.6667,0.0,1,1,93.92,CRITICAL,CRITICAL
203,DoS attacks-SlowHTTPTest,Malicious,0.997021980013712,DoS,0.9959146952429924,21,2,1000000.0,0.0,1,1,93.88,CRITICAL,CRITICAL
204,DoS attacks-SlowHTTPTest,Malicious,0.9991814261356236,DoS,0.9972008096959903,21,3,666666.6667,0.0,1,1,93.92,CRITICAL,CRITICAL
205,DoS attacks-SlowHTTPTest,Malicious,0.997021980013712,DoS,0.9959146952429924,21,2,1000000.0,0.0,1,1,93.88,CRITICAL,CRITICAL
206,DoS attacks-SlowHTTPTest,Malicious,0.9991814261356236,DoS,0.9972008096959903,21,3,666666.6667,0.0,1,1,93.92,CRITICAL,CRITICAL
207,DoS attacks-SlowHTTPTest,Malicious,0.9990243989046871,DoS,0.9969142350527069,21,21,95238.09524,0.0,1,1,93.91,CRITICAL,CRITICAL
208,DoS attacks-SlowHTTPTest,Malicious,0.9991814261356236,DoS,0.9972008096959903,21,3,666666.6667,0.0,1,1,93.92,CRITICAL,CRITICAL
209,DoS attacks-SlowHTTPTest,Malicious,0.997021980013712,DoS,0.9959146952429924,21,2,1000000.0,0.0,1,1,93.88,CRITICAL,CRITICAL
210,DoS attacks-SlowHTTPTest,Malicious,0.9991814261356236,DoS,0.9972008096959903,21,3,666666.6667,0.0,1,1,93.92,CRITICAL,CRITICAL
211,DoS attacks-SlowHTTPTest,Malicious,0.9990687352503981,DoS,0.9969519475927707,21,9,222222.2222,0.0,1,1,93.91,CRITICAL,CRITICAL
212,DoS attacks-SlowHTTPTest,Malicious,0.9991814261356236,DoS,0.9972008096959903,21,3,666666.6667,0.0,1,1,93.92,CRITICAL,CRITICAL
213,DoS attacks-SlowHTTPTest,Malicious,0.997021980013712,DoS,0.9959146952429924,21,2,1000000.0,0.0,1,1,93.88,CRITICAL,CRITICAL
214,DoS attacks-SlowHTTPTest,Malicious,0.997021980013712,DoS,0.9959146952429924,21,2,1000000.0,0.0,1,1,93.88,CRITICAL,CRITICAL
215,DoS attacks-SlowHTTPTest,Malicious,0.997021980013712,DoS,0.9959146952429924,21,2,1000000.0,0.0,1,1,93.88,CRITICAL,CRITICAL
216,DoS attacks-SlowHTTPTest,Malicious,0.997021980013712,DoS,0.9959146952429924,21,2,1000000.0,0.0,1,1,93.88,CRITICAL,CRITICAL
217,DoS attacks-SlowHTTPTest,Malicious,0.9990451212632977,DoS,0.9960952278334371,21,22,90909.09091,0.0,1,1,93.88,CRITICAL,CRITICAL
218,DoS attacks-SlowHTTPTest,Malicious,0.9991744190838802,DoS,0.9972053722040928,21,5,400000.0,0.0,1,1,93.92,CRITICAL,CRITICAL
219,DoS attacks-SlowHTTPTest,Malicious,0.9990987199541072,DoS,0.9964168709680771,21,10,200000.0,0.0,1,1,93.89,CRITICAL,CRITICAL
220,DoS attacks-SlowHTTPTest,Malicious,0.9991122368835774,DoS,0.9972053722040928,21,4,500000.0,0.0,1,1,93.92,CRITICAL,CRITICAL
221,DoS attacks-SlowHTTPTest,Malicious,0.997021980013712,DoS,0.9959146952429924,21,2,1000000.0,0.0,1,1,93.88,CRITICAL,CRITICAL
222,DoS attacks-SlowHTTPTest,Malicious,0.9991744190838802,DoS,0.9972053722040928,21,5,400000.0,0.0,1,1,93.92,CRITICAL,CRITICAL
223,DoS attacks-SlowHTTPTest,Malicious,0.9991744190838802,DoS,0.9972053722040928,21,5,400000.0,0.0,1,1,93.92,CRITICAL,CRITICAL
224,DoS attacks-SlowHTTPTest,Malicious,0.997021980013712,DoS,0.9959146952429924,21,2,1000000.0,0.0,1,1,93.88,CRITICAL,CRITICAL
225,DoS attacks-SlowHTTPTest,Malicious,0.997021980013712,DoS,0.9959146952429924,21,2,1000000.0,0.0,1,1,93.88,CRITICAL,CRITICAL
226,DoS attacks-SlowHTTPTest,Malicious,0.997021980013712,DoS,0.9959146952429924,21,2,1000000.0,0.0,1,1,93.88,CRITICAL,CRITICAL
227,DoS attacks-SlowHTTPTest,Malicious,0.998941075707827,DoS,0.9964058981213615,21,20,100000.0,0.0,1,1,93.89,CRITICAL,CRITICAL
228,DoS attacks-SlowHTTPTest,Malicious,0.9991814261356236,DoS,0.9972008096959903,21,3,666666.6667,0.0,1,1,93.92,CRITICAL,CRITICAL
229,DoS attacks-SlowHTTPTest,Malicious,0.997021980013712,DoS,0.9959146952429924,21,2,1000000.0,0.0,1,1,93.88,CRITICAL,CRITICAL
230,DoS attacks-SlowHTTPTest,Malicious,0.9991814261356236,DoS,0.9972008096959903,21,3,666666.6667,0.0,1,1,93.92,CRITICAL,CRITICAL
231,DoS attacks-SlowHTTPTest,Malicious,0.997021980013712,DoS,0.9959146952429924,21,2,1000000.0,0.0,1,1,93.88,CRITICAL,CRITICAL
232,DoS attacks-SlowHTTPTest,Malicious,0.997021980013712,DoS,0.9959146952429924,21,2,1000000.0,0.0,1,1,93.88,CRITICAL,CRITICAL
233,DoS attacks-SlowHTTPTest,Malicious,0.9991814261356236,DoS,0.9972008096959903,21,3,666666.6667,0.0,1,1,93.92,CRITICAL,CRITICAL
234,DoS attacks-SlowHTTPTest,Malicious,0.9991814261356236,DoS,0.9972008096959903,21,3,666666.6667,0.0,1,1,93.92,CRITICAL,CRITICAL
235,DoS attacks-SlowHTTPTest,Malicious,0.997021980013712,DoS,0.9959146952429924,21,2,1000000.0,0.0,1,1,93.88,CRITICAL,CRITICAL
236,DoS attacks-SlowHTTPTest,Malicious,0.9991814261356236,DoS,0.9972008096959903,21,3,666666.6667,0.0,1,1,93.92,CRITICAL,CRITICAL
237,DoS attacks-SlowHTTPTest,Malicious,0.998941075707827,DoS,0.9964058981213615,21,20,100000.0,0.0,1,1,93.89,CRITICAL,CRITICAL
238,DoS attacks-SlowHTTPTest,Malicious,0.9991814261356236,DoS,0.9972008096959903,21,3,666666.6667,0.0,1,1,93.92,CRITICAL,CRITICAL
239,DoS attacks-SlowHTTPTest,Malicious,0.997021980013712,DoS,0.9959146952429924,21,2,1000000.0,0.0,1,1,93.88,CRITICAL,CRITICAL
240,DoS attacks-SlowHTTPTest,Malicious,0.997021980013712,DoS,0.9959146952429924,21,2,1000000.0,0.0,1,1,93.88,CRITICAL,CRITICAL
241,DoS attacks-SlowHTTPTest,Malicious,0.9991814261356236,DoS,0.9972008096959903,21,3,666666.6667,0.0,1,1,93.92,CRITICAL,CRITICAL
242,DoS attacks-SlowHTTPTest,Malicious,0.997021980013712,DoS,0.9959146952429924,21,2,1000000.0,0.0,1,1,93.88,CRITICAL,CRITICAL
243,DoS attacks-SlowHTTPTest,Malicious,0.9991814261356236,DoS,0.9972008096959903,21,3,666666.6667,0.0,1,1,93.92,CRITICAL,CRITICAL
244,DoS attacks-SlowHTTPTest,Malicious,0.9991814261356236,DoS,0.9972008096959903,21,3,666666.6667,0.0,1,1,93.92,CRITICAL,CRITICAL
245,DoS attacks-SlowHTTPTest,Malicious,0.997021980013712,DoS,0.9959146952429924,21,2,1000000.0,0.0,1,1,93.88,CRITICAL,CRITICAL
246,DoS attacks-SlowHTTPTest,Malicious,0.997021980013712,DoS,0.9959146952429924,21,2,1000000.0,0.0,1,1,93.88,CRITICAL,CRITICAL
247,DoS attacks-SlowHTTPTest,Malicious,0.9990451212632977,DoS,0.9960952278334371,21,22,90909.09091,0.0,1,1,93.88,CRITICAL,CRITICAL
248,DoS attacks-SlowHTTPTest,Malicious,0.997021980013712,DoS,0.9959146952429924,21,2,1000000.0,0.0,1,1,93.88,CRITICAL,CRITICAL
249,DoS attacks-SlowHTTPTest,Malicious,0.9991814261356236,DoS,0.9972008096959903,21,3,666666.6667,0.0,1,1,93.92,CRITICAL,CRITICAL
250,DoS attacks-SlowHTTPTest,Malicious,0.997021980013712,DoS,0.9959146952429924,21,2,1000000.0,0.0,1,1,93.88,CRITICAL,CRITICAL
251,DoS attacks-SlowHTTPTest,Malicious,0.997021980013712,DoS,0.9959146952429924,21,2,1000000.0,0.0,1,1,93.88,CRITICAL,CRITICAL
252,DoS attacks-SlowHTTPTest,Malicious,0.997021980013712,DoS,0.9959146952429924,21,2,1000000.0,0.0,1,1,93.88,CRITICAL,CRITICAL
253,DoS attacks-SlowHTTPTest,Malicious,0.997021980013712,DoS,0.9959146952429924,21,2,1000000.0,0.0,1,1,93.88,CRITICAL,CRITICAL
254,DoS attacks-SlowHTTPTest,Malicious,0.9991814261356236,DoS,0.9972008096959903,21,3,666666.6667,0.0,1,1,93.92,CRITICAL,CRITICAL
255,DoS attacks-SlowHTTPTest,Malicious,0.997021980013712,DoS,0.9959146952429924,21,2,1000000.0,0.0,1,1,93.88,CRITICAL,CRITICAL
256,DoS attacks-SlowHTTPTest,Malicious,0.997021980013712,DoS,0.9959146952429924,21,2,1000000.0,0.0,1,1,93.88,CRITICAL,CRITICAL
257,DoS attacks-SlowHTTPTest,Malicious,0.998941075707827,DoS,0.9964058981213615,21,20,100000.0,0.0,1,1,93.89,CRITICAL,CRITICAL
258,DoS attacks-SlowHTTPTest,Malicious,0.9991814261356236,DoS,0.9972008096959903,21,3,666666.6667,0.0,1,1,93.92,CRITICAL,CRITICAL
259,DoS attacks-SlowHTTPTest,Malicious,0.997021980013712,DoS,0.9959146952429924,21,2,1000000.0,0.0,1,1,93.88,CRITICAL,CRITICAL
260,DoS attacks-SlowHTTPTest,Malicious,0.9991814261356236,DoS,0.9972008096959903,21,3,666666.6667,0.0,1,1,93.92,CRITICAL,CRITICAL
261,DoS attacks-SlowHTTPTest,Malicious,0.9991814261356236,DoS,0.9972008096959903,21,3,666666.6667,0.0,1,1,93.92,CRITICAL,CRITICAL
262,DoS attacks-SlowHTTPTest,Malicious,0.9991814261356236,DoS,0.9972008096959903,21,3,666666.6667,0.0,1,1,93.92,CRITICAL,CRITICAL
263,DoS attacks-SlowHTTPTest,Malicious,0.997021980013712,DoS,0.9959146952429924,21,2,1000000.0,0.0,1,1,93.88,CRITICAL,CRITICAL
264,DoS attacks-SlowHTTPTest,Malicious,0.997021980013712,DoS,0.9959146952429924,21,2,1000000.0,0.0,1,1,93.88,CRITICAL,CRITICAL
265,DoS attacks-SlowHTTPTest,Malicious,0.997021980013712,DoS,0.9959146952429924,21,2,1000000.0,0.0,1,1,93.88,CRITICAL,CRITICAL
266,DoS attacks-SlowHTTPTest,Malicious,0.997021980013712,DoS,0.9959146952429924,21,2,1000000.0,0.0,1,1,93.88,CRITICAL,CRITICAL
267,DoS attacks-SlowHTTPTest,Malicious,0.9983394210266541,DoS,0.9969169749507311,21,23,86956.52174,0.0,1,1,93.91,CRITICAL,CRITICAL
268,DoS attacks-SlowHTTPTest,Malicious,0.9991122368835774,DoS,0.9972053722040928,21,4,500000.0,0.0,1,1,93.92,CRITICAL,CRITICAL
269,DoS attacks-SlowHTTPTest,Malicious,0.9991814261356236,DoS,0.9972008096959903,21,3,666666.6667,0.0,1,1,93.92,CRITICAL,CRITICAL
270,DoS attacks-SlowHTTPTest,Malicious,0.9991814261356236,DoS,0.9972008096959903,21,3,666666.6667,0.0,1,1,93.92,CRITICAL,CRITICAL
271,DoS attacks-SlowHTTPTest,Malicious,0.9991814261356236,DoS,0.9972008096959903,21,3,666666.6667,0.0,1,1,93.92,CRITICAL,CRITICAL
272,DoS attacks-SlowHTTPTest,Malicious,0.997021980013712,DoS,0.9959146952429924,21,2,1000000.0,0.0,1,1,93.88,CRITICAL,CRITICAL
273,DoS attacks-SlowHTTPTest,Malicious,0.9991814261356236,DoS,0.9972008096959903,21,3,666666.6667,0.0,1,1,93.92,CRITICAL,CRITICAL
274,DoS attacks-SlowHTTPTest,Malicious,0.997021980013712,DoS,0.9959146952429924,21,2,1000000.0,0.0,1,1,93.88,CRITICAL,CRITICAL
275,DoS attacks-SlowHTTPTest,Malicious,0.9991814261356236,DoS,0.9972008096959903,21,3,666666.6667,0.0,1,1,93.92,CRITICAL,CRITICAL
276,DoS attacks-SlowHTTPTest,Malicious,0.9991814261356236,DoS,0.9972008096959903,21,3,666666.6667,0.0,1,1,93.92,CRITICAL,CRITICAL
277,DoS attacks-SlowHTTPTest,Malicious,0.998941075707827,DoS,0.9964058981213615,21,20,100000.0,0.0,1,1,93.89,CRITICAL,CRITICAL
278,DoS attacks-SlowHTTPTest,Malicious,0.9991814261356236,DoS,0.9972008096959903,21,3,666666.6667,0.0,1,1,93.92,CRITICAL,CRITICAL
279,DoS attacks-SlowHTTPTest,Malicious,0.9991814261356236,DoS,0.9972008096959903,21,3,666666.6667,0.0,1,1,93.92,CRITICAL,CRITICAL
280,DoS attacks-SlowHTTPTest,Malicious,0.997021980013712,DoS,0.9959146952429924,21,2,1000000.0,0.0,1,1,93.88,CRITICAL,CRITICAL
281,DoS attacks-SlowHTTPTest,Malicious,0.997021980013712,DoS,0.9959146952429924,21,2,1000000.0,0.0,1,1,93.88,CRITICAL,CRITICAL
282,DoS attacks-SlowHTTPTest,Malicious,0.997021980013712,DoS,0.9959146952429924,21,2,1000000.0,0.0,1,1,93.88,CRITICAL,CRITICAL
283,DoS attacks-SlowHTTPTest,Malicious,0.9991122368835774,DoS,0.9972053722040928,21,4,500000.0,0.0,1,1,93.92,CRITICAL,CRITICAL
284,DoS attacks-SlowHTTPTest,Malicious,0.9991814261356236,DoS,0.9972008096959903,21,3,666666.6667,0.0,1,1,93.92,CRITICAL,CRITICAL
285,DoS attacks-SlowHTTPTest,Malicious,0.997021980013712,DoS,0.9959146952429924,21,2,1000000.0,0.0,1,1,93.88,CRITICAL,CRITICAL
286,DoS attacks-SlowHTTPTest,Malicious,0.997021980013712,DoS,0.9959146952429924,21,2,1000000.0,0.0,1,1,93.88,CRITICAL,CRITICAL
287,DoS attacks-SlowHTTPTest,Malicious,0.9990243989046871,DoS,0.9969142350527069,21,21,95238.09524,0.0,1,1,93.91,CRITICAL,CRITICAL
288,DoS attacks-SlowHTTPTest,Malicious,0.997021980013712,DoS,0.9959146952429924,21,2,1000000.0,0.0,1,1,93.88,CRITICAL,CRITICAL
289,DoS attacks-SlowHTTPTest,Malicious,0.9991814261356236,DoS,0.9972008096959903,21,3,666666.6667,0.0,1,1,93.92,CRITICAL,CRITICAL
290,DoS attacks-SlowHTTPTest,Malicious,0.9991814261356236,DoS,0.9972008096959903,21,3,666666.6667,0.0,1,1,93.92,CRITICAL,CRITICAL
291,DoS attacks-SlowHTTPTest,Malicious,0.997021980013712,DoS,0.9959146952429924,21,2,1000000.0,0.0,1,1,93.88,CRITICAL,CRITICAL
292,DoS attacks-SlowHTTPTest,Malicious,0.997021980013712,DoS,0.9959146952429924,21,2,1000000.0,0.0,1,1,93.88,CRITICAL,CRITICAL
293,DoS attacks-SlowHTTPTest,Malicious,0.997021980013712,DoS,0.9959146952429924,21,2,1000000.0,0.0,1,1,93.88,CRITICAL,CRITICAL
294,DoS attacks-SlowHTTPTest,Malicious,0.9991814261356236,DoS,0.9972008096959903,21,3,666666.6667,0.0,1,1,93.92,CRITICAL,CRITICAL
295,DoS attacks-SlowHTTPTest,Malicious,0.997021980013712,DoS,0.9959146952429924,21,2,1000000.0,0.0,1,1,93.88,CRITICAL,CRITICAL
296,DoS attacks-SlowHTTPTest,Malicious,0.997021980013712,DoS,0.9959146952429924,21,2,1000000.0,0.0,1,1,93.88,CRITICAL,CRITICAL
297,DoS attacks-SlowHTTPTest,Malicious,0.9990451212632977,DoS,0.9960952278334371,21,22,90909.09091,0.0,1,1,93.88,CRITICAL,CRITICAL
298,DoS attacks-SlowHTTPTest,Malicious,0.9991814261356236,DoS,0.9972008096959903,21,3,666666.6667,0.0,1,1,93.92,CRITICAL,CRITICAL
299,DoS attacks-SlowHTTPTest,Malicious,0.9991814261356236,DoS,0.9972008096959903,21,3,666666.6667,0.0,1,1,93.92,CRITICAL,CRITICAL
300,DoS attacks-SlowHTTPTest,Malicious,0.997021980013712,DoS,0.9959146952429924,21,2,1000000.0,0.0,1,1,93.88,CRITICAL,CRITICAL
301,DoS attacks-SlowHTTPTest,Malicious,0.9991814261356236,DoS,0.9972008096959903,21,3,666666.6667,0.0,1,1,93.92,CRITICAL,CRITICAL
302,DoS attacks-SlowHTTPTest,Malicious,0.9991814261356236,DoS,0.9972008096959903,21,3,666666.6667,0.0,1,1,93.92,CRITICAL,CRITICAL
303,DoS attacks-SlowHTTPTest,Malicious,0.9991814261356236,DoS,0.9972008096959903,21,3,666666.6667,0.0,1,1,93.92,CRITICAL,CRITICAL
304,DoS attacks-SlowHTTPTest,Malicious,0.997021980013712,DoS,0.9959146952429924,21,2,1000000.0,0.0,1,1,93.88,CRITICAL,CRITICAL
305,DoS attacks-SlowHTTPTest,Malicious,0.997021980013712,DoS,0.9959146952429924,21,2,1000000.0,0.0,1,1,93.88,CRITICAL,CRITICAL
306,DoS attacks-SlowHTTPTest,Malicious,0.997021980013712,DoS,0.9959146952429924,21,2,1000000.0,0.0,1,1,93.88,CRITICAL,CRITICAL
307,DoS attacks-SlowHTTPTest,Malicious,0.9990243989046871,DoS,0.9969142350527069,21,21,95238.09524,0.0,1,1,93.91,CRITICAL,CRITICAL
308,DoS attacks-SlowHTTPTest,Malicious,0.997021980013712,DoS,0.9959146952429924,21,2,1000000.0,0.0,1,1,93.88,CRITICAL,CRITICAL
309,DoS attacks-SlowHTTPTest,Malicious,0.9991122368835774,DoS,0.9972053722040928,21,4,500000.0,0.0,1,1,93.92,CRITICAL,CRITICAL
310,DoS attacks-SlowHTTPTest,Malicious,0.9991814261356236,DoS,0.9972008096959903,21,3,666666.6667,0.0,1,1,93.92,CRITICAL,CRITICAL
311,DoS attacks-SlowHTTPTest,Malicious,0.997021980013712,DoS,0.9959146952429924,21,2,1000000.0,0.0,1,1,93.88,CRITICAL,CRITICAL
312,DoS attacks-SlowHTTPTest,Malicious,0.9991814261356236,DoS,0.9972008096959903,21,3,666666.6667,0.0,1,1,93.92,CRITICAL,CRITICAL
313,DoS attacks-SlowHTTPTest,Malicious,0.9991814261356236,DoS,0.9972008096959903,21,3,666666.6667,0.0,1,1,93.92,CRITICAL,CRITICAL
314,DoS attacks-SlowHTTPTest,Malicious,0.997021980013712,DoS,0.9959146952429924,21,2,1000000.0,0.0,1,1,93.88,CRITICAL,CRITICAL
315,DoS attacks-SlowHTTPTest,Malicious,0.997021980013712,DoS,0.9959146952429924,21,2,1000000.0,0.0,1,1,93.88,CRITICAL,CRITICAL
316,DoS attacks-SlowHTTPTest,Malicious,0.9991814261356236,DoS,0.9972008096959903,21,3,666666.6667,0.0,1,1,93.92,CRITICAL,CRITICAL
317,DoS attacks-SlowHTTPTest,Malicious,0.998941075707827,DoS,0.9964058981213615,21,20,100000.0,0.0,1,1,93.89,CRITICAL,CRITICAL
318,DoS attacks-SlowHTTPTest,Malicious,0.9991122368835774,DoS,0.9972053722040928,21,4,500000.0,0.0,1,1,93.92,CRITICAL,CRITICAL
319,DoS attacks-SlowHTTPTest,Malicious,0.9991814261356236,DoS,0.9972008096959903,21,3,666666.6667,0.0,1,1,93.92,CRITICAL,CRITICAL
320,DoS attacks-SlowHTTPTest,Malicious,0.9991814261356236,DoS,0.9972008096959903,21,3,666666.6667,0.0,1,1,93.92,CRITICAL,CRITICAL
321,DoS attacks-SlowHTTPTest,Malicious,0.997021980013712,DoS,0.9959146952429924,21,2,1000000.0,0.0,1,1,93.88,CRITICAL,CRITICAL
322,DoS attacks-SlowHTTPTest,Malicious,0.997021980013712,DoS,0.9959146952429924,21,2,1000000.0,0.0,1,1,93.88,CRITICAL,CRITICAL
323,DoS attacks-SlowHTTPTest,Malicious,0.997021980013712,DoS,0.9959146952429924,21,2,1000000.0,0.0,1,1,93.88,CRITICAL,CRITICAL
324,DoS attacks-SlowHTTPTest,Malicious,0.997021980013712,DoS,0.9959146952429924,21,2,1000000.0,0.0,1,1,93.88,CRITICAL,CRITICAL
325,DoS attacks-SlowHTTPTest,Malicious,0.9991814261356236,DoS,0.9972008096959903,21,3,666666.6667,0.0,1,1,93.92,CRITICAL,CRITICAL
326,DoS attacks-SlowHTTPTest,Malicious,0.997021980013712,DoS,0.9959146952429924,21,2,1000000.0,0.0,1,1,93.88,CRITICAL,CRITICAL
327,DoS attacks-SlowHTTPTest,Malicious,0.998941075707827,DoS,0.9964058981213615,21,20,100000.0,0.0,1,1,93.89,CRITICAL,CRITICAL
328,DoS attacks-SlowHTTPTest,Malicious,0.9991122368835774,DoS,0.9972053722040928,21,4,500000.0,0.0,1,1,93.92,CRITICAL,CRITICAL
329,DoS attacks-SlowHTTPTest,Malicious,0.9991814261356236,DoS,0.9972008096959903,21,3,666666.6667,0.0,1,1,93.92,CRITICAL,CRITICAL
330,DoS attacks-SlowHTTPTest,Malicious,0.997021980013712,DoS,0.9959146952429924,21,2,1000000.0,0.0,1,1,93.88,CRITICAL,CRITICAL
331,DoS attacks-SlowHTTPTest,Malicious,0.997021980013712,DoS,0.9959146952429924,21,2,1000000.0,0.0,1,1,93.88,CRITICAL,CRITICAL
332,DoS attacks-SlowHTTPTest,Malicious,0.9991814261356236,DoS,0.9972008096959903,21,3,666666.6667,0.0,1,1,93.92,CRITICAL,CRITICAL
333,DoS attacks-SlowHTTPTest,Malicious,0.9991814261356236,DoS,0.9972008096959903,21,3,666666.6667,0.0,1,1,93.92,CRITICAL,CRITICAL
334,DoS attacks-SlowHTTPTest,Malicious,0.9991814261356236,DoS,0.9972008096959903,21,3,666666.6667,0.0,1,1,93.92,CRITICAL,CRITICAL
335,DoS attacks-SlowHTTPTest,Malicious,0.9991814261356236,DoS,0.9972008096959903,21,3,666666.6667,0.0,1,1,93.92,CRITICAL,CRITICAL
336,DoS attacks-SlowHTTPTest,Malicious,0.9991814261356236,DoS,0.9972008096959903,21,3,666666.6667,0.0,1,1,93.92,CRITICAL,CRITICAL
337,DoS attacks-SlowHTTPTest,Malicious,0.9990451212632977,DoS,0.9960952278334371,21,22,90909.09091,0.0,1,1,93.88,CRITICAL,CRITICAL
338,DoS attacks-SlowHTTPTest,Malicious,0.9991814261356236,DoS,0.9972008096959903,21,3,666666.6667,0.0,1,1,93.92,CRITICAL,CRITICAL
339,DoS attacks-SlowHTTPTest,Malicious,0.9991744190838802,DoS,0.9972053722040928,21,5,400000.0,0.0,1,1,93.92,CRITICAL,CRITICAL
340,DoS attacks-SlowHTTPTest,Malicious,0.997021980013712,DoS,0.9959146952429924,21,2,1000000.0,0.0,1,1,93.88,CRITICAL,CRITICAL
341,DoS attacks-SlowHTTPTest,Malicious,0.9991814261356236,DoS,0.9972008096959903,21,3,666666.6667,0.0,1,1,93.92,CRITICAL,CRITICAL
342,DoS attacks-SlowHTTPTest,Malicious,0.997021980013712,DoS,0.9959146952429924,21,2,1000000.0,0.0,1,1,93.88,CRITICAL,CRITICAL
343,DoS attacks-SlowHTTPTest,Malicious,0.9990687352503981,DoS,0.9969519475927707,21,9,222222.2222,0.0,1,1,93.91,CRITICAL,CRITICAL
344,DoS attacks-SlowHTTPTest,Malicious,0.9991814261356236,DoS,0.9972008096959903,21,3,666666.6667,0.0,1,1,93.92,CRITICAL,CRITICAL
345,DoS attacks-SlowHTTPTest,Malicious,0.9991814261356236,DoS,0.9972008096959903,21,3,666666.6667,0.0,1,1,93.92,CRITICAL,CRITICAL
346,DoS attacks-SlowHTTPTest,Malicious,0.997021980013712,DoS,0.9959146952429924,21,2,1000000.0,0.0,1,1,93.88,CRITICAL,CRITICAL
347,DoS attacks-SlowHTTPTest,Malicious,0.9990243989046871,DoS,0.9969142350527069,21,21,95238.09524,0.0,1,1,93.91,CRITICAL,CRITICAL
348,DoS attacks-SlowHTTPTest,Malicious,0.9991814261356236,DoS,0.9972008096959903,21,3,666666.6667,0.0,1,1,93.92,CRITICAL,CRITICAL
349,DoS attacks-SlowHTTPTest,Malicious,0.9991122368835774,DoS,0.9972053722040928,21,4,500000.0,0.0,1,1,93.92,CRITICAL,CRITICAL
350,DoS attacks-SlowHTTPTest,Malicious,0.9991744190838802,DoS,0.9972053722040928,21,5,400000.0,0.0,1,1,93.92,CRITICAL,CRITICAL
351,DoS attacks-SlowHTTPTest,Malicious,0.997021980013712,DoS,0.9959146952429924,21,2,1000000.0,0.0,1,1,93.88,CRITICAL,CRITICAL
352,DoS attacks-SlowHTTPTest,Malicious,0.997021980013712,DoS,0.9959146952429924,21,2,1000000.0,0.0,1,1,93.88,CRITICAL,CRITICAL
353,DoS attacks-SlowHTTPTest,Malicious,0.9991814261356236,DoS,0.9972008096959903,21,3,666666.6667,0.0,1,1,93.92,CRITICAL,CRITICAL
354,DoS attacks-SlowHTTPTest,Malicious,0.997021980013712,DoS,0.9959146952429924,21,2,1000000.0,0.0,1,1,93.88,CRITICAL,CRITICAL
355,DoS attacks-SlowHTTPTest,Malicious,0.997021980013712,DoS,0.9959146952429924,21,2,1000000.0,0.0,1,1,93.88,CRITICAL,CRITICAL
356,DoS attacks-SlowHTTPTest,Malicious,0.997021980013712,DoS,0.9959146952429924,21,2,1000000.0,0.0,1,1,93.88,CRITICAL,CRITICAL
357,DoS attacks-SlowHTTPTest,Malicious,0.998941075707827,DoS,0.9964058981213615,21,20,100000.0,0.0,1,1,93.89,CRITICAL,CRITICAL
358,DoS attacks-SlowHTTPTest,Malicious,0.9991814261356236,DoS,0.9972008096959903,21,3,666666.6667,0.0,1,1,93.92,CRITICAL,CRITICAL
359,DoS attacks-SlowHTTPTest,Malicious,0.997021980013712,DoS,0.9959146952429924,21,2,1000000.0,0.0,1,1,93.88,CRITICAL,CRITICAL
360,DoS attacks-SlowHTTPTest,Malicious,0.9991814261356236,DoS,0.9972008096959903,21,3,666666.6667,0.0,1,1,93.92,CRITICAL,CRITICAL
361,DoS attacks-SlowHTTPTest,Malicious,0.997021980013712,DoS,0.9959146952429924,21,2,1000000.0,0.0,1,1,93.88,CRITICAL,CRITICAL
362,DoS attacks-SlowHTTPTest,Malicious,0.997021980013712,DoS,0.9959146952429924,21,2,1000000.0,0.0,1,1,93.88,CRITICAL,CRITICAL
363,DoS attacks-SlowHTTPTest,Malicious,0.9991814261356236,DoS,0.9972008096959903,21,3,666666.6667,0.0,1,1,93.92,CRITICAL,CRITICAL
364,DoS attacks-SlowHTTPTest,Malicious,0.997021980013712,DoS,0.9959146952429924,21,2,1000000.0,0.0,1,1,93.88,CRITICAL,CRITICAL
365,DoS attacks-SlowHTTPTest,Malicious,0.997021980013712,DoS,0.9959146952429924,21,2,1000000.0,0.0,1,1,93.88,CRITICAL,CRITICAL
366,DoS attacks-SlowHTTPTest,Malicious,0.997021980013712,DoS,0.9959146952429924,21,2,1000000.0,0.0,1,1,93.88,CRITICAL,CRITICAL
367,DoS attacks-SlowHTTPTest,Malicious,0.998941075707827,DoS,0.9964058981213615,21,20,100000.0,0.0,1,1,93.89,CRITICAL,CRITICAL
368,DoS attacks-SlowHTTPTest,Malicious,0.9991814261356236,DoS,0.9972008096959903,21,3,666666.6667,0.0,1,1,93.92,CRITICAL,CRITICAL
369,DoS attacks-SlowHTTPTest,Malicious,0.997021980013712,DoS,0.9959146952429924,21,2,1000000.0,0.0,1,1,93.88,CRITICAL,CRITICAL
370,DoS attacks-SlowHTTPTest,Malicious,0.9991814261356236,DoS,0.9972008096959903,21,3,666666.6667,0.0,1,1,93.92,CRITICAL,CRITICAL
371,DoS attacks-SlowHTTPTest,Malicious,0.997021980013712,DoS,0.9959146952429924,21,2,1000000.0,0.0,1,1,93.88,CRITICAL,CRITICAL
372,DoS attacks-SlowHTTPTest,Malicious,0.9991814261356236,DoS,0.9972008096959903,21,3,666666.6667,0.0,1,1,93.92,CRITICAL,CRITICAL
373,DoS attacks-SlowHTTPTest,Malicious,0.997021980013712,DoS,0.9959146952429924,21,2,1000000.0,0.0,1,1,93.88,CRITICAL,CRITICAL
374,DoS attacks-SlowHTTPTest,Malicious,0.9991814261356236,DoS,0.9972008096959903,21,3,666666.6667,0.0,1,1,93.92,CRITICAL,CRITICAL
375,DoS attacks-SlowHTTPTest,Malicious,0.997021980013712,DoS,0.9959146952429924,21,2,1000000.0,0.0,1,1,93.88,CRITICAL,CRITICAL
376,DoS attacks-SlowHTTPTest,Malicious,0.9990987199541072,DoS,0.9964168709680771,21,10,200000.0,0.0,1,1,93.89,CRITICAL,CRITICAL
377,DoS attacks-SlowHTTPTest,Malicious,0.9990243989046871,DoS,0.9969142350527069,21,21,95238.09524,0.0,1,1,93.91,CRITICAL,CRITICAL
378,DoS attacks-SlowHTTPTest,Malicious,0.9991814261356236,DoS,0.9972008096959903,21,3,666666.6667,0.0,1,1,93.92,CRITICAL,CRITICAL
379,DoS attacks-SlowHTTPTest,Malicious,0.9988754829076442,DoS,0.9965838196509015,21,14,142857.1429,0.0,1,1,93.9,CRITICAL,CRITICAL
380,DoS attacks-SlowHTTPTest,Malicious,0.9991814261356236,DoS,0.9972008096959903,21,3,666666.6667,0.0,1,1,93.92,CRITICAL,CRITICAL
381,DoS attacks-SlowHTTPTest,Malicious,0.9991814261356236,DoS,0.9972008096959903,21,3,666666.6667,0.0,1,1,93.92,CRITICAL,CRITICAL
382,DoS attacks-SlowHTTPTest,Malicious,0.9991814261356236,DoS,0.9972008096959903,21,3,666666.6667,0.0,1,1,93.92,CRITICAL,CRITICAL
383,DoS attacks-SlowHTTPTest,Malicious,0.997021980013712,DoS,0.9959146952429924,21,2,1000000.0,0.0,1,1,93.88,CRITICAL,CRITICAL
384,DoS attacks-SlowHTTPTest,Malicious,0.997021980013712,DoS,0.9959146952429924,21,2,1000000.0,0.0,1,1,93.88,CRITICAL,CRITICAL
385,DoS attacks-SlowHTTPTest,Malicious,0.997021980013712,DoS,0.9959146952429924,21,2,1000000.0,0.0,1,1,93.88,CRITICAL,CRITICAL
386,DoS attacks-SlowHTTPTest,Malicious,0.997021980013712,DoS,0.9959146952429924,21,2,1000000.0,0.0,1,1,93.88,CRITICAL,CRITICAL
387,DoS attacks-SlowHTTPTest,Malicious,0.9990451212632977,DoS,0.9960952278334371,21,22,90909.09091,0.0,1,1,93.88,CRITICAL,CRITICAL
388,DoS attacks-SlowHTTPTest,Malicious,0.9991814261356236,DoS,0.9972008096959903,21,3,666666.6667,0.0,1,1,93.92,CRITICAL,CRITICAL
389,DoS attacks-SlowHTTPTest,Malicious,0.9991814261356236,DoS,0.9972008096959903,21,3,666666.6667,0.0,1,1,93.92,CRITICAL,CRITICAL
390,DoS attacks-SlowHTTPTest,Malicious,0.997021980013712,DoS,0.9959146952429924,21,2,1000000.0,0.0,1,1,93.88,CRITICAL,CRITICAL
391,DoS attacks-SlowHTTPTest,Malicious,0.997021980013712,DoS,0.9959146952429924,21,2,1000000.0,0.0,1,1,93.88,CRITICAL,CRITICAL
392,DoS attacks-SlowHTTPTest,Malicious,0.9991814261356236,DoS,0.9972008096959903,21,3,666666.6667,0.0,1,1,93.92,CRITICAL,CRITICAL
393,DoS attacks-SlowHTTPTest,Malicious,0.997021980013712,DoS,0.9959146952429924,21,2,1000000.0,0.0,1,1,93.88,CRITICAL,CRITICAL
394,DoS attacks-SlowHTTPTest,Malicious,0.997021980013712,DoS,0.9959146952429924,21,2,1000000.0,0.0,1,1,93.88,CRITICAL,CRITICAL
395,DoS attacks-SlowHTTPTest,Malicious,0.997021980013712,DoS,0.9959146952429924,21,2,1000000.0,0.0,1,1,93.88,CRITICAL,CRITICAL
396,DoS attacks-SlowHTTPTest,Malicious,0.997021980013712,DoS,0.9959146952429924,21,2,1000000.0,0.0,1,1,93.88,CRITICAL,CRITICAL
397,DoS attacks-SlowHTTPTest,Malicious,0.998941075707827,DoS,0.9964058981213615,21,20,100000.0,0.0,1,1,93.89,CRITICAL,CRITICAL
398,DoS attacks-SlowHTTPTest,Malicious,0.997021980013712,DoS,0.9959146952429924,21,2,1000000.0,0.0,1,1,93.88,CRITICAL,CRITICAL
399,DoS attacks-SlowHTTPTest,Malicious,0.9991814261356236,DoS,0.9972008096959903,21,3,666666.6667,0.0,1,1,93.92,CRITICAL,CRITICAL
400,DoS attacks-SlowHTTPTest,Malicious,0.997021980013712,DoS,0.9959146952429924,21,2,1000000.0,0.0,1,1,93.88,CRITICAL,CRITICAL
401,DoS attacks-SlowHTTPTest,Malicious,0.9991814261356236,DoS,0.9972008096959903,21,3,666666.6667,0.0,1,1,93.92,CRITICAL,CRITICAL
402,DoS attacks-SlowHTTPTest,Malicious,0.997021980013712,DoS,0.9959146952429924,21,2,1000000.0,0.0,1,1,93.88,CRITICAL,CRITICAL
403,DoS attacks-SlowHTTPTest,Malicious,0.997021980013712,DoS,0.9959146952429924,21,2,1000000.0,0.0,1,1,93.88,CRITICAL,CRITICAL
404,DoS attacks-SlowHTTPTest,Malicious,0.997021980013712,DoS,0.9959146952429924,21,2,1000000.0,0.0,1,1,93.88,CRITICAL,CRITICAL
405,DoS attacks-SlowHTTPTest,Malicious,0.997021980013712,DoS,0.9959146952429924,21,2,1000000.0,0.0,1,1,93.88,CRITICAL,CRITICAL
406,DoS attacks-SlowHTTPTest,Malicious,0.997021980013712,DoS,0.9959146952429924,21,2,1000000.0,0.0,1,1,93.88,CRITICAL,CRITICAL
407,DoS attacks-SlowHTTPTest,Malicious,0.9990243989046871,DoS,0.9969142350527069,21,21,95238.09524,0.0,1,1,93.91,CRITICAL,CRITICAL
408,DoS attacks-SlowHTTPTest,Malicious,0.997021980013712,DoS,0.9959146952429924,21,2,1000000.0,0.0,1,1,93.88,CRITICAL,CRITICAL
409,DoS attacks-SlowHTTPTest,Malicious,0.997021980013712,DoS,0.9959146952429924,21,2,1000000.0,0.0,1,1,93.88,CRITICAL,CRITICAL
410,DoS attacks-SlowHTTPTest,Malicious,0.9991814261356236,DoS,0.9972008096959903,21,3,666666.6667,0.0,1,1,93.92,CRITICAL,CRITICAL
411,DoS attacks-SlowHTTPTest,Malicious,0.997021980013712,DoS,0.9959146952429924,21,2,1000000.0,0.0,1,1,93.88,CRITICAL,CRITICAL
412,DoS attacks-SlowHTTPTest,Malicious,0.997021980013712,DoS,0.9959146952429924,21,2,1000000.0,0.0,1,1,93.88,CRITICAL,CRITICAL
413,DoS attacks-SlowHTTPTest,Malicious,0.997021980013712,DoS,0.9959146952429924,21,2,1000000.0,0.0,1,1,93.88,CRITICAL,CRITICAL
414,DoS attacks-SlowHTTPTest,Malicious,0.997021980013712,DoS,0.9959146952429924,21,2,1000000.0,0.0,1,1,93.88,CRITICAL,CRITICAL
415,DoS attacks-SlowHTTPTest,Malicious,0.9991814261356236,DoS,0.9972008096959903,21,3,666666.6667,0.0,1,1,93.92,CRITICAL,CRITICAL
416,DoS attacks-SlowHTTPTest,Malicious,0.997021980013712,DoS,0.9959146952429924,21,2,1000000.0,0.0,1,1,93.88,CRITICAL,CRITICAL
417,DoS attacks-SlowHTTPTest,Malicious,0.9990243989046871,DoS,0.9969142350527069,21,21,95238.09524,0.0,1,1,93.91,CRITICAL,CRITICAL
418,DoS attacks-SlowHTTPTest,Malicious,0.9991814261356236,DoS,0.9972008096959903,21,3,666666.6667,0.0,1,1,93.92,CRITICAL,CRITICAL
419,DoS attacks-SlowHTTPTest,Malicious,0.9991122368835774,DoS,0.9972053722040928,21,4,500000.0,0.0,1,1,93.92,CRITICAL,CRITICAL
420,DoS attacks-SlowHTTPTest,Malicious,0.9991814261356236,DoS,0.9972008096959903,21,3,666666.6667,0.0,1,1,93.92,CRITICAL,CRITICAL
421,DoS attacks-SlowHTTPTest,Malicious,0.997021980013712,DoS,0.9959146952429924,21,2,1000000.0,0.0,1,1,93.88,CRITICAL,CRITICAL
422,DoS attacks-SlowHTTPTest,Malicious,0.997021980013712,DoS,0.9959146952429924,21,2,1000000.0,0.0,1,1,93.88,CRITICAL,CRITICAL
423,DoS attacks-SlowHTTPTest,Malicious,0.997021980013712,DoS,0.9959146952429924,21,2,1000000.0,0.0,1,1,93.88,CRITICAL,CRITICAL
424,DoS attacks-SlowHTTPTest,Malicious,0.9991814261356236,DoS,0.9972008096959903,21,3,666666.6667,0.0,1,1,93.92,CRITICAL,CRITICAL
425,DoS attacks-SlowHTTPTest,Malicious,0.9991814261356236,DoS,0.9972008096959903,21,3,666666.6667,0.0,1,1,93.92,CRITICAL,CRITICAL
426,DoS attacks-SlowHTTPTest,Malicious,0.9991814261356236,DoS,0.9972008096959903,21,3,666666.6667,0.0,1,1,93.92,CRITICAL,CRITICAL
427,DoS attacks-SlowHTTPTest,Malicious,0.9990243989046871,DoS,0.9969142350527069,21,21,95238.09524,0.0,1,1,93.91,CRITICAL,CRITICAL
428,DoS attacks-SlowHTTPTest,Malicious,0.997021980013712,DoS,0.9959146952429924,21,2,1000000.0,0.0,1,1,93.88,CRITICAL,CRITICAL
429,DoS attacks-SlowHTTPTest,Malicious,0.9991122368835774,DoS,0.9972053722040928,21,4,500000.0,0.0,1,1,93.92,CRITICAL,CRITICAL
430,DoS attacks-SlowHTTPTest,Malicious,0.997021980013712,DoS,0.9959146952429924,21,2,1000000.0,0.0,1,1,93.88,CRITICAL,CRITICAL
431,DoS attacks-SlowHTTPTest,Malicious,0.997021980013712,DoS,0.9959146952429924,21,2,1000000.0,0.0,1,1,93.88,CRITICAL,CRITICAL
432,DoS attacks-SlowHTTPTest,Malicious,0.9990987199541072,DoS,0.9964168709680771,21,10,200000.0,0.0,1,1,93.89,CRITICAL,CRITICAL
433,DoS attacks-SlowHTTPTest,Malicious,0.9991814261356236,DoS,0.9972008096959903,21,3,666666.6667,0.0,1,1,93.92,CRITICAL,CRITICAL
434,DoS attacks-SlowHTTPTest,Malicious,0.9991814261356236,DoS,0.9972008096959903,21,3,666666.6667,0.0,1,1,93.92,CRITICAL,CRITICAL
435,DoS attacks-SlowHTTPTest,Malicious,0.997021980013712,DoS,0.9959146952429924,21,2,1000000.0,0.0,1,1,93.88,CRITICAL,CRITICAL
436,DoS attacks-SlowHTTPTest,Malicious,0.997021980013712,DoS,0.9959146952429924,21,2,1000000.0,0.0,1,1,93.88,CRITICAL,CRITICAL
437,DoS attacks-SlowHTTPTest,Malicious,0.9987135883346407,DoS,0.9991145115609652,21,29,68965.51724,0.0,1,1,93.97,CRITICAL,CRITICAL
438,DoS attacks-SlowHTTPTest,Malicious,0.9984633513407082,DoS,0.996731769957154,21,6,333333.3333,0.0,1,1,93.9,CRITICAL,CRITICAL
439,DoS attacks-SlowHTTPTest,Malicious,0.9991744190838802,DoS,0.9972053722040928,21,5,400000.0,0.0,1,1,93.92,CRITICAL,CRITICAL
440,DoS attacks-SlowHTTPTest,Malicious,0.9991744190838802,DoS,0.9972053722040928,21,5,400000.0,0.0,1,1,93.92,CRITICAL,CRITICAL
441,DoS attacks-SlowHTTPTest,Malicious,0.9991814261356236,DoS,0.9972008096959903,21,3,666666.6667,0.0,1,1,93.92,CRITICAL,CRITICAL
442,DoS attacks-SlowHTTPTest,Malicious,0.997021980013712,DoS,0.9959146952429924,21,2,1000000.0,0.0,1,1,93.88,CRITICAL,CRITICAL
443,DoS attacks-SlowHTTPTest,Malicious,0.9991744190838802,DoS,0.9972053722040928,21,5,400000.0,0.0,1,1,93.92,CRITICAL,CRITICAL
444,DoS attacks-SlowHTTPTest,Malicious,0.9991814261356236,DoS,0.9972008096959903,21,3,666666.6667,0.0,1,1,93.92,CRITICAL,CRITICAL
445,DoS attacks-SlowHTTPTest,Malicious,0.997021980013712,DoS,0.9959146952429924,21,2,1000000.0,0.0,1,1,93.88,CRITICAL,CRITICAL
446,DoS attacks-SlowHTTPTest,Malicious,0.9991814261356236,DoS,0.9972008096959903,21,3,666666.6667,0.0,1,1,93.92,CRITICAL,CRITICAL
447,DoS attacks-SlowHTTPTest,Malicious,0.9990243989046871,DoS,0.9969142350527069,21,21,95238.09524,0.0,1,1,93.91,CRITICAL,CRITICAL
448,DoS attacks-SlowHTTPTest,Malicious,0.9991814261356236,DoS,0.9972008096959903,21,3,666666.6667,0.0,1,1,93.92,CRITICAL,CRITICAL
449,DoS attacks-SlowHTTPTest,Malicious,0.9991814261356236,DoS,0.9972008096959903,21,3,666666.6667,0.0,1,1,93.92,CRITICAL,CRITICAL
450,DoS attacks-SlowHTTPTest,Malicious,0.9991122368835774,DoS,0.9972053722040928,21,4,500000.0,0.0,1,1,93.92,CRITICAL,CRITICAL
451,DoS attacks-SlowHTTPTest,Malicious,0.997021980013712,DoS,0.9959146952429924,21,2,1000000.0,0.0,1,1,93.88,CRITICAL,CRITICAL
452,DoS attacks-SlowHTTPTest,Malicious,0.9991814261356236,DoS,0.9972008096959903,21,3,666666.6667,0.0,1,1,93.92,CRITICAL,CRITICAL
453,DoS attacks-SlowHTTPTest,Malicious,0.997021980013712,DoS,0.9959146952429924,21,2,1000000.0,0.0,1,1,93.88,CRITICAL,CRITICAL
454,DoS attacks-SlowHTTPTest,Malicious,0.997021980013712,DoS,0.9959146952429924,21,2,1000000.0,0.0,1,1,93.88,CRITICAL,CRITICAL
455,DoS attacks-SlowHTTPTest,Malicious,0.997021980013712,DoS,0.9959146952429924,21,2,1000000.0,0.0,1,1,93.88,CRITICAL,CRITICAL
456,DoS attacks-SlowHTTPTest,Malicious,0.997021980013712,DoS,0.9959146952429924,21,2,1000000.0,0.0,1,1,93.88,CRITICAL,CRITICAL
457,DoS attacks-SlowHTTPTest,Malicious,0.9988813202070989,DoS,0.9971354404827253,21,17,117647.0588,0.0,1,1,93.91,CRITICAL,CRITICAL
458,DoS attacks-SlowHTTPTest,Malicious,0.997021980013712,DoS,0.9959146952429924,21,2,1000000.0,0.0,1,1,93.88,CRITICAL,CRITICAL
459,DoS attacks-SlowHTTPTest,Malicious,0.997021980013712,DoS,0.9959146952429924,21,2,1000000.0,0.0,1,1,93.88,CRITICAL,CRITICAL
460,DoS attacks-SlowHTTPTest,Malicious,0.997021980013712,DoS,0.9959146952429924,21,2,1000000.0,0.0,1,1,93.88,CRITICAL,CRITICAL
461,DoS attacks-SlowHTTPTest,Malicious,0.9991814261356236,DoS,0.9972008096959903,21,3,666666.6667,0.0,1,1,93.92,CRITICAL,CRITICAL
462,DoS attacks-SlowHTTPTest,Malicious,0.997021980013712,DoS,0.9959146952429924,21,2,1000000.0,0.0,1,1,93.88,CRITICAL,CRITICAL
463,DoS attacks-SlowHTTPTest,Malicious,0.997021980013712,DoS,0.9959146952429924,21,2,1000000.0,0.0,1,1,93.88,CRITICAL,CRITICAL
464,DoS attacks-SlowHTTPTest,Malicious,0.997021980013712,DoS,0.9959146952429924,21,2,1000000.0,0.0,1,1,93.88,CRITICAL,CRITICAL
465,DoS attacks-SlowHTTPTest,Malicious,0.997021980013712,DoS,0.9959146952429924,21,2,1000000.0,0.0,1,1,93.88,CRITICAL,CRITICAL
466,DoS attacks-SlowHTTPTest,Malicious,0.9991814261356236,DoS,0.9972008096959903,21,3,666666.6667,0.0,1,1,93.92,CRITICAL,CRITICAL
467,DoS attacks-SlowHTTPTest,Malicious,0.9990243989046871,DoS,0.9969142350527069,21,21,95238.09524,0.0,1,1,93.91,CRITICAL,CRITICAL
468,DoS attacks-SlowHTTPTest,Malicious,0.9991122368835774,DoS,0.9972053722040928,21,4,500000.0,0.0,1,1,93.92,CRITICAL,CRITICAL
469,DoS attacks-SlowHTTPTest,Malicious,0.9991814261356236,DoS,0.9972008096959903,21,3,666666.6667,0.0,1,1,93.92,CRITICAL,CRITICAL
470,DoS attacks-SlowHTTPTest,Malicious,0.997021980013712,DoS,0.9959146952429924,21,2,1000000.0,0.0,1,1,93.88,CRITICAL,CRITICAL
471,DoS attacks-SlowHTTPTest,Malicious,0.997021980013712,DoS,0.9959146952429924,21,2,1000000.0,0.0,1,1,93.88,CRITICAL,CRITICAL
472,DoS attacks-SlowHTTPTest,Malicious,0.9991814261356236,DoS,0.9972008096959903,21,3,666666.6667,0.0,1,1,93.92,CRITICAL,CRITICAL
473,DoS attacks-SlowHTTPTest,Malicious,0.997021980013712,DoS,0.9959146952429924,21,2,1000000.0,0.0,1,1,93.88,CRITICAL,CRITICAL
474,DoS attacks-SlowHTTPTest,Malicious,0.9991814261356236,DoS,0.9972008096959903,21,3,666666.6667,0.0,1,1,93.92,CRITICAL,CRITICAL
475,DoS attacks-SlowHTTPTest,Malicious,0.9991744190838802,DoS,0.9972053722040928,21,5,400000.0,0.0,1,1,93.92,CRITICAL,CRITICAL
476,DoS attacks-SlowHTTPTest,Malicious,0.9991744190838802,DoS,0.9972053722040928,21,5,400000.0,0.0,1,1,93.92,CRITICAL,CRITICAL
477,DoS attacks-SlowHTTPTest,Malicious,0.9990243989046871,DoS,0.9969142350527069,21,21,95238.09524,0.0,1,1,93.91,CRITICAL,CRITICAL
478,DoS attacks-SlowHTTPTest,Malicious,0.9991814261356236,DoS,0.9972008096959903,21,3,666666.6667,0.0,1,1,93.92,CRITICAL,CRITICAL
479,DoS attacks-SlowHTTPTest,Malicious,0.997021980013712,DoS,0.9959146952429924,21,2,1000000.0,0.0,1,1,93.88,CRITICAL,CRITICAL
480,DoS attacks-SlowHTTPTest,Malicious,0.997021980013712,DoS,0.9959146952429924,21,2,1000000.0,0.0,1,1,93.88,CRITICAL,CRITICAL
481,DoS attacks-SlowHTTPTest,Malicious,0.997021980013712,DoS,0.9959146952429924,21,2,1000000.0,0.0,1,1,93.88,CRITICAL,CRITICAL
482,DoS attacks-SlowHTTPTest,Malicious,0.997021980013712,DoS,0.9959146952429924,21,2,1000000.0,0.0,1,1,93.88,CRITICAL,CRITICAL
483,DoS attacks-SlowHTTPTest,Malicious,0.997021980013712,DoS,0.9959146952429924,21,2,1000000.0,0.0,1,1,93.88,CRITICAL,CRITICAL
484,DoS attacks-SlowHTTPTest,Malicious,0.997021980013712,DoS,0.9959146952429924,21,2,1000000.0,0.0,1,1,93.88,CRITICAL,CRITICAL
485,DoS attacks-SlowHTTPTest,Malicious,0.9991814261356236,DoS,0.9972008096959903,21,3,666666.6667,0.0,1,1,93.92,CRITICAL,CRITICAL
486,DoS attacks-SlowHTTPTest,Malicious,0.997021980013712,DoS,0.9959146952429924,21,2,1000000.0,0.0,1,1,93.88,CRITICAL,CRITICAL
487,DoS attacks-SlowHTTPTest,Malicious,0.9990451212632977,DoS,0.9960952278334371,21,22,90909.09091,0.0,1,1,93.88,CRITICAL,CRITICAL
488,DoS attacks-SlowHTTPTest,Malicious,0.9991814261356236,DoS,0.9972008096959903,21,3,666666.6667,0.0,1,1,93.92,CRITICAL,CRITICAL
489,DoS attacks-SlowHTTPTest,Malicious,0.9991814261356236,DoS,0.9972008096959903,21,3,666666.6667,0.0,1,1,93.92,CRITICAL,CRITICAL
490,DoS attacks-SlowHTTPTest,Malicious,0.9991814261356236,DoS,0.9972008096959903,21,3,666666.6667,0.0,1,1,93.92,CRITICAL,CRITICAL
491,DoS attacks-SlowHTTPTest,Malicious,0.997021980013712,DoS,0.9959146952429924,21,2,1000000.0,0.0,1,1,93.88,CRITICAL,CRITICAL
492,DoS attacks-SlowHTTPTest,Malicious,0.9991814261356236,DoS,0.9972008096959903,21,3,666666.6667,0.0,1,1,93.92,CRITICAL,CRITICAL
493,DoS attacks-SlowHTTPTest,Malicious,0.997021980013712,DoS,0.9959146952429924,21,2,1000000.0,0.0,1,1,93.88,CRITICAL,CRITICAL
494,DoS attacks-SlowHTTPTest,Malicious,0.9991814261356236,DoS,0.9972008096959903,21,3,666666.6667,0.0,1,1,93.92,CRITICAL,CRITICAL
495,DoS attacks-SlowHTTPTest,Malicious,0.9991814261356236,DoS,0.9972008096959903,21,3,666666.6667,0.0,1,1,93.92,CRITICAL,CRITICAL
496,DoS attacks-SlowHTTPTest,Malicious,0.9991814261356236,DoS,0.9972008096959903,21,3,666666.6667,0.0,1,1,93.92,CRITICAL,CRITICAL
497,DoS attacks-SlowHTTPTest,Malicious,0.9990243989046871,DoS,0.9969142350527069,21,21,95238.09524,0.0,1,1,93.91,CRITICAL,CRITICAL
498,DoS attacks-SlowHTTPTest,Malicious,0.9991814261356236,DoS,0.9972008096959903,21,3,666666.6667,0.0,1,1,93.92,CRITICAL,CRITICAL
499,DoS attacks-SlowHTTPTest,Malicious,0.9991814261356236,DoS,0.9972008096959903,21,3,666666.6667,0.0,1,1,93.92,CRITICAL,CRITICAL
500,DoS attacks-SlowHTTPTest,Malicious,0.9991122368835774,DoS,0.9972053722040928,21,4,500000.0,0.0,1,1,93.92,CRITICAL,CRITICAL
501,DoS attacks-SlowHTTPTest,Malicious,0.997021980013712,DoS,0.9959146952429924,21,2,1000000.0,0.0,1,1,93.88,CRITICAL,CRITICAL
502,DoS attacks-SlowHTTPTest,Malicious,0.997021980013712,DoS,0.9959146952429924,21,2,1000000.0,0.0,1,1,93.88,CRITICAL,CRITICAL
503,DoS attacks-SlowHTTPTest,Malicious,0.997021980013712,DoS,0.9959146952429924,21,2,1000000.0,0.0,1,1,93.88,CRITICAL,CRITICAL
504,DoS attacks-SlowHTTPTest,Malicious,0.997021980013712,DoS,0.9959146952429924,21,2,1000000.0,0.0,1,1,93.88,CRITICAL,CRITICAL
505,DoS attacks-SlowHTTPTest,Malicious,0.9991744190838802,DoS,0.9972053722040928,21,5,400000.0,0.0,1,1,93.92,CRITICAL,CRITICAL
506,DoS attacks-SlowHTTPTest,Malicious,0.9991122368835774,DoS,0.9972053722040928,21,4,500000.0,0.0,1,1,93.92,CRITICAL,CRITICAL
507,DoS attacks-SlowHTTPTest,Malicious,0.9977588249250645,DoS,0.9971354404827253,21,16,125000.0,0.0,1,1,93.91,CRITICAL,CRITICAL
508,DoS attacks-SlowHTTPTest,Malicious,0.9991814261356236,DoS,0.9972008096959903,21,3,666666.6667,0.0,1,1,93.92,CRITICAL,CRITICAL
509,DoS attacks-SlowHTTPTest,Malicious,0.9991814261356236,DoS,0.9972008096959903,21,3,666666.6667,0.0,1,1,93.92,CRITICAL,CRITICAL
510,DoS attacks-SlowHTTPTest,Malicious,0.9991814261356236,DoS,0.9972008096959903,21,3,666666.6667,0.0,1,1,93.92,CRITICAL,CRITICAL
511,DoS attacks-SlowHTTPTest,Malicious,0.997021980013712,DoS,0.9959146952429924,21,2,1000000.0,0.0,1,1,93.88,CRITICAL,CRITICAL
512,DoS attacks-SlowHTTPTest,Malicious,0.997021980013712,DoS,0.9959146952429924,21,2,1000000.0,0.0,1,1,93.88,CRITICAL,CRITICAL
513,DoS attacks-SlowHTTPTest,Malicious,0.997021980013712,DoS,0.9959146952429924,21,2,1000000.0,0.0,1,1,93.88,CRITICAL,CRITICAL
514,DoS attacks-SlowHTTPTest,Malicious,0.997021980013712,DoS,0.9959146952429924,21,2,1000000.0,0.0,1,1,93.88,CRITICAL,CRITICAL
515,DoS attacks-SlowHTTPTest,Malicious,0.997021980013712,DoS,0.9959146952429924,21,2,1000000.0,0.0,1,1,93.88,CRITICAL,CRITICAL
516,DoS attacks-SlowHTTPTest,Malicious,0.9991814261356236,DoS,0.9972008096959903,21,3,666666.6667,0.0,1,1,93.92,CRITICAL,CRITICAL
517,DoS attacks-SlowHTTPTest,Malicious,0.9990451212632977,DoS,0.9960952278334371,21,22,90909.09091,0.0,1,1,93.88,CRITICAL,CRITICAL
518,DoS attacks-SlowHTTPTest,Malicious,0.9991814261356236,DoS,0.9972008096959903,21,3,666666.6667,0.0,1,1,93.92,CRITICAL,CRITICAL
519,DoS attacks-SlowHTTPTest,Malicious,0.997021980013712,DoS,0.9959146952429924,21,2,1000000.0,0.0,1,1,93.88,CRITICAL,CRITICAL
520,DoS attacks-SlowHTTPTest,Malicious,0.997021980013712,DoS,0.9959146952429924,21,2,1000000.0,0.0,1,1,93.88,CRITICAL,CRITICAL
521,DoS attacks-SlowHTTPTest,Malicious,0.997021980013712,DoS,0.9959146952429924,21,2,1000000.0,0.0,1,1,93.88,CRITICAL,CRITICAL
522,DoS attacks-SlowHTTPTest,Malicious,0.997021980013712,DoS,0.9959146952429924,21,2,1000000.0,0.0,1,1,93.88,CRITICAL,CRITICAL
523,DoS attacks-SlowHTTPTest,Malicious,0.9991814261356236,DoS,0.9972008096959903,21,3,666666.6667,0.0,1,1,93.92,CRITICAL,CRITICAL
524,DoS attacks-SlowHTTPTest,Malicious,0.9991814261356236,DoS,0.9972008096959903,21,3,666666.6667,0.0,1,1,93.92,CRITICAL,CRITICAL
525,DoS attacks-SlowHTTPTest,Malicious,0.998113969298063,DoS,0.9950394177558619,21,7,285714.2857,0.0,1,1,93.85,CRITICAL,CRITICAL
526,DoS attacks-SlowHTTPTest,Malicious,0.997021980013712,DoS,0.9959146952429924,21,2,1000000.0,0.0,1,1,93.88,CRITICAL,CRITICAL
527,DoS attacks-SlowHTTPTest,Malicious,0.9987930432969541,DoS,0.9991145115609652,21,28,71428.57143,0.0,1,1,93.97,CRITICAL,CRITICAL
528,DoS attacks-SlowHTTPTest,Malicious,0.9991744190838802,DoS,0.9972053722040928,21,5,400000.0,0.0,1,1,93.92,CRITICAL,CRITICAL
529,DoS attacks-SlowHTTPTest,Malicious,0.9984633513407082,DoS,0.996731769957154,21,6,333333.3333,0.0,1,1,93.9,CRITICAL,CRITICAL
530,DoS attacks-SlowHTTPTest,Malicious,0.9991744190838802,DoS,0.9972053722040928,21,5,400000.0,0.0,1,1,93.92,CRITICAL,CRITICAL
531,DoS attacks-SlowHTTPTest,Malicious,0.9991122368835774,DoS,0.9972053722040928,21,4,500000.0,0.0,1,1,93.92,CRITICAL,CRITICAL
532,DoS attacks-SlowHTTPTest,Malicious,0.9991744190838802,DoS,0.9972053722040928,21,5,400000.0,0.0,1,1,93.92,CRITICAL,CRITICAL
533,DoS attacks-SlowHTTPTest,Malicious,0.997021980013712,DoS,0.9959146952429924,21,2,1000000.0,0.0,1,1,93.88,CRITICAL,CRITICAL
534,DoS attacks-SlowHTTPTest,Malicious,0.997021980013712,DoS,0.9959146952429924,21,2,1000000.0,0.0,1,1,93.88,CRITICAL,CRITICAL
535,DoS attacks-SlowHTTPTest,Malicious,0.997021980013712,DoS,0.9959146952429924,21,2,1000000.0,0.0,1,1,93.88,CRITICAL,CRITICAL
536,DoS attacks-SlowHTTPTest,Malicious,0.997021980013712,DoS,0.9959146952429924,21,2,1000000.0,0.0,1,1,93.88,CRITICAL,CRITICAL
537,DoS attacks-SlowHTTPTest,Malicious,0.9990451212632977,DoS,0.9960952278334371,21,22,90909.09091,0.0,1,1,93.88,CRITICAL,CRITICAL
538,DoS attacks-SlowHTTPTest,Malicious,0.9991814261356236,DoS,0.9972008096959903,21,3,666666.6667,0.0,1,1,93.92,CRITICAL,CRITICAL
539,DoS attacks-SlowHTTPTest,Malicious,0.9991814261356236,DoS,0.9972008096959903,21,3,666666.6667,0.0,1,1,93.92,CRITICAL,CRITICAL
540,DoS attacks-SlowHTTPTest,Malicious,0.9991122368835774,DoS,0.9972053722040928,21,4,500000.0,0.0,1,1,93.92,CRITICAL,CRITICAL
541,DoS attacks-SlowHTTPTest,Malicious,0.997021980013712,DoS,0.9959146952429924,21,2,1000000.0,0.0,1,1,93.88,CRITICAL,CRITICAL
542,DoS attacks-SlowHTTPTest,Malicious,0.997021980013712,DoS,0.9959146952429924,21,2,1000000.0,0.0,1,1,93.88,CRITICAL,CRITICAL
543,DoS attacks-SlowHTTPTest,Malicious,0.997021980013712,DoS,0.9959146952429924,21,2,1000000.0,0.0,1,1,93.88,CRITICAL,CRITICAL
544,DoS attacks-SlowHTTPTest,Malicious,0.997021980013712,DoS,0.9959146952429924,21,2,1000000.0,0.0,1,1,93.88,CRITICAL,CRITICAL
545,DoS attacks-SlowHTTPTest,Malicious,0.997021980013712,DoS,0.9959146952429924,21,2,1000000.0,0.0,1,1,93.88,CRITICAL,CRITICAL
546,DoS attacks-SlowHTTPTest,Malicious,0.997021980013712,DoS,0.9959146952429924,21,2,1000000.0,0.0,1,1,93.88,CRITICAL,CRITICAL
547,DoS attacks-SlowHTTPTest,Malicious,0.9987135883346407,DoS,0.9991145115609652,21,29,68965.51724,0.0,1,1,93.97,CRITICAL,CRITICAL
548,DoS attacks-SlowHTTPTest,Malicious,0.9984633513407082,DoS,0.996731769957154,21,6,333333.3333,0.0,1,1,93.9,CRITICAL,CRITICAL
549,DoS attacks-SlowHTTPTest,Malicious,0.9991744190838802,DoS,0.9972053722040928,21,5,400000.0,0.0,1,1,93.92,CRITICAL,CRITICAL
550,DoS attacks-SlowHTTPTest,Malicious,0.9991814261356236,DoS,0.9972008096959903,21,3,666666.6667,0.0,1,1,93.92,CRITICAL,CRITICAL
551,DoS attacks-SlowHTTPTest,Malicious,0.997021980013712,DoS,0.9959146952429924,21,2,1000000.0,0.0,1,1,93.88,CRITICAL,CRITICAL
552,DoS attacks-SlowHTTPTest,Malicious,0.9991814261356236,DoS,0.9972008096959903,21,3,666666.6667,0.0,1,1,93.92,CRITICAL,CRITICAL
553,DoS attacks-SlowHTTPTest,Malicious,0.9991814261356236,DoS,0.9972008096959903,21,3,666666.6667,0.0,1,1,93.92,CRITICAL,CRITICAL
554,DoS attacks-SlowHTTPTest,Malicious,0.9991814261356236,DoS,0.9972008096959903,21,3,666666.6667,0.0,1,1,93.92,CRITICAL,CRITICAL
555,DoS attacks-SlowHTTPTest,Malicious,0.997021980013712,DoS,0.9959146952429924,21,2,1000000.0,0.0,1,1,93.88,CRITICAL,CRITICAL
556,DoS attacks-SlowHTTPTest,Malicious,0.9991814261356236,DoS,0.9972008096959903,21,3,666666.6667,0.0,1,1,93.92,CRITICAL,CRITICAL
557,DoS attacks-SlowHTTPTest,Malicious,0.998941075707827,DoS,0.9964058981213615,21,20,100000.0,0.0,1,1,93.89,CRITICAL,CRITICAL
558,DoS attacks-SlowHTTPTest,Malicious,0.9991814261356236,DoS,0.9972008096959903,21,3,666666.6667,0.0,1,1,93.92,CRITICAL,CRITICAL
559,DoS attacks-SlowHTTPTest,Malicious,0.997021980013712,DoS,0.9959146952429924,21,2,1000000.0,0.0,1,1,93.88,CRITICAL,CRITICAL
560,DoS attacks-SlowHTTPTest,Malicious,0.997021980013712,DoS,0.9959146952429924,21,2,1000000.0,0.0,1,1,93.88,CRITICAL,CRITICAL
561,DoS attacks-SlowHTTPTest,Malicious,0.997021980013712,DoS,0.9959146952429924,21,2,1000000.0,0.0,1,1,93.88,CRITICAL,CRITICAL
562,DoS attacks-SlowHTTPTest,Malicious,0.9991814261356236,DoS,0.9972008096959903,21,3,666666.6667,0.0,1,1,93.92,CRITICAL,CRITICAL
563,DoS attacks-SlowHTTPTest,Malicious,0.997021980013712,DoS,0.9959146952429924,21,2,1000000.0,0.0,1,1,93.88,CRITICAL,CRITICAL
564,DoS attacks-SlowHTTPTest,Malicious,0.9991814261356236,DoS,0.9972008096959903,21,3,666666.6667,0.0,1,1,93.92,CRITICAL,CRITICAL
565,DoS attacks-SlowHTTPTest,Malicious,0.997021980013712,DoS,0.9959146952429924,21,2,1000000.0,0.0,1,1,93.88,CRITICAL,CRITICAL
566,DoS attacks-SlowHTTPTest,Malicious,0.997021980013712,DoS,0.9959146952429924,21,2,1000000.0,0.0,1,1,93.88,CRITICAL,CRITICAL
567,DoS attacks-SlowHTTPTest,Malicious,0.9990243989046871,DoS,0.9969142350527069,21,21,95238.09524,0.0,1,1,93.91,CRITICAL,CRITICAL
568,DoS attacks-SlowHTTPTest,Malicious,0.9991814261356236,DoS,0.9972008096959903,21,3,666666.6667,0.0,1,1,93.92,CRITICAL,CRITICAL
569,DoS attacks-SlowHTTPTest,Malicious,0.9991814261356236,DoS,0.9972008096959903,21,3,666666.6667,0.0,1,1,93.92,CRITICAL,CRITICAL
570,DoS attacks-SlowHTTPTest,Malicious,0.9991814261356236,DoS,0.9972008096959903,21,3,666666.6667,0.0,1,1,93.92,CRITICAL,CRITICAL
571,DoS attacks-SlowHTTPTest,Malicious,0.9991814261356236,DoS,0.9972008096959903,21,3,666666.6667,0.0,1,1,93.92,CRITICAL,CRITICAL
572,DoS attacks-SlowHTTPTest,Malicious,0.997021980013712,DoS,0.9959146952429924,21,2,1000000.0,0.0,1,1,93.88,CRITICAL,CRITICAL
573,DoS attacks-SlowHTTPTest,Malicious,0.997021980013712,DoS,0.9959146952429924,21,2,1000000.0,0.0,1,1,93.88,CRITICAL,CRITICAL
574,DoS attacks-SlowHTTPTest,Malicious,0.997021980013712,DoS,0.9959146952429924,21,2,1000000.0,0.0,1,1,93.88,CRITICAL,CRITICAL
575,DoS attacks-SlowHTTPTest,Malicious,0.997021980013712,DoS,0.9959146952429924,21,2,1000000.0,0.0,1,1,93.88,CRITICAL,CRITICAL
576,DoS attacks-SlowHTTPTest,Malicious,0.997021980013712,DoS,0.9959146952429924,21,2,1000000.0,0.0,1,1,93.88,CRITICAL,CRITICAL
577,DoS attacks-SlowHTTPTest,Malicious,0.9983394210266541,DoS,0.9969169749507311,21,23,86956.52174,0.0,1,1,93.91,CRITICAL,CRITICAL
578,DoS attacks-SlowHTTPTest,Malicious,0.9991814261356236,DoS,0.9972008096959903,21,3,666666.6667,0.0,1,1,93.92,CRITICAL,CRITICAL
579,DoS attacks-SlowHTTPTest,Malicious,0.9991316949879481,DoS,0.9976306050741328,21,1,2000000.0,0.0,1,1,93.93,CRITICAL,CRITICAL
580,DoS attacks-SlowHTTPTest,Malicious,0.997021980013712,DoS,0.9959146952429924,21,2,1000000.0,0.0,1,1,93.88,CRITICAL,CRITICAL
581,DoS attacks-SlowHTTPTest,Malicious,0.9991814261356236,DoS,0.9972008096959903,21,3,666666.6667,0.0,1,1,93.92,CRITICAL,CRITICAL
582,DoS attacks-SlowHTTPTest,Malicious,0.997021980013712,DoS,0.9959146952429924,21,2,1000000.0,0.0,1,1,93.88,CRITICAL,CRITICAL
583,DoS attacks-SlowHTTPTest,Malicious,0.997021980013712,DoS,0.9959146952429924,21,2,1000000.0,0.0,1,1,93.88,CRITICAL,CRITICAL
584,DoS attacks-SlowHTTPTest,Malicious,0.997021980013712,DoS,0.9959146952429924,21,2,1000000.0,0.0,1,1,93.88,CRITICAL,CRITICAL
585,DoS attacks-SlowHTTPTest,Malicious,0.997021980013712,DoS,0.9959146952429924,21,2,1000000.0,0.0,1,1,93.88,CRITICAL,CRITICAL
586,DoS attacks-SlowHTTPTest,Malicious,0.997021980013712,DoS,0.9959146952429924,21,2,1000000.0,0.0,1,1,93.88,CRITICAL,CRITICAL
587,DoS attacks-SlowHTTPTest,Malicious,0.9990451212632977,DoS,0.9960952278334371,21,22,90909.09091,0.0,1,1,93.88,CRITICAL,CRITICAL
588,DoS attacks-SlowHTTPTest,Malicious,0.997021980013712,DoS,0.9959146952429924,21,2,1000000.0,0.0,1,1,93.88,CRITICAL,CRITICAL
589,DoS attacks-SlowHTTPTest,Malicious,0.997021980013712,DoS,0.9959146952429924,21,2,1000000.0,0.0,1,1,93.88,CRITICAL,CRITICAL
590,DoS attacks-SlowHTTPTest,Malicious,0.997021980013712,DoS,0.9959146952429924,21,2,1000000.0,0.0,1,1,93.88,CRITICAL,CRITICAL
591,DoS attacks-SlowHTTPTest,Malicious,0.9991814261356236,DoS,0.9972008096959903,21,3,666666.6667,0.0,1,1,93.92,CRITICAL,CRITICAL
592,DoS attacks-SlowHTTPTest,Malicious,0.997021980013712,DoS,0.9959146952429924,21,2,1000000.0,0.0,1,1,93.88,CRITICAL,CRITICAL
593,DoS attacks-SlowHTTPTest,Malicious,0.997021980013712,DoS,0.9959146952429924,21,2,1000000.0,0.0,1,1,93.88,CRITICAL,CRITICAL
594,DoS attacks-SlowHTTPTest,Malicious,0.997021980013712,DoS,0.9959146952429924,21,2,1000000.0,0.0,1,1,93.88,CRITICAL,CRITICAL
595,DoS attacks-SlowHTTPTest,Malicious,0.997021980013712,DoS,0.9959146952429924,21,2,1000000.0,0.0,1,1,93.88,CRITICAL,CRITICAL
596,DoS attacks-SlowHTTPTest,Malicious,0.997021980013712,DoS,0.9959146952429924,21,2,1000000.0,0.0,1,1,93.88,CRITICAL,CRITICAL
597,DoS attacks-SlowHTTPTest,Malicious,0.9990451212632977,DoS,0.9960952278334371,21,22,90909.09091,0.0,1,1,93.88,CRITICAL,CRITICAL
598,DoS attacks-SlowHTTPTest,Malicious,0.9991814261356236,DoS,0.9972008096959903,21,3,666666.6667,0.0,1,1,93.92,CRITICAL,CRITICAL
599,DoS attacks-SlowHTTPTest,Malicious,0.9991814261356236,DoS,0.9972008096959903,21,3,666666.6667,0.0,1,1,93.92,CRITICAL,CRITICAL
600,DoS attacks-SlowHTTPTest,Malicious,0.9991814261356236,DoS,0.9972008096959903,21,3,666666.6667,0.0,1,1,93.92,CRITICAL,CRITICAL
601,DoS attacks-SlowHTTPTest,Malicious,0.997021980013712,DoS,0.9959146952429924,21,2,1000000.0,0.0,1,1,93.88,CRITICAL,CRITICAL
602,DoS attacks-SlowHTTPTest,Malicious,0.9991814261356236,DoS,0.9972008096959903,21,3,666666.6667,0.0,1,1,93.92,CRITICAL,CRITICAL
603,DoS attacks-SlowHTTPTest,Malicious,0.997021980013712,DoS,0.9959146952429924,21,2,1000000.0,0.0,1,1,93.88,CRITICAL,CRITICAL
604,DoS attacks-SlowHTTPTest,Malicious,0.997021980013712,DoS,0.9959146952429924,21,2,1000000.0,0.0,1,1,93.88,CRITICAL,CRITICAL
605,DoS attacks-SlowHTTPTest,Malicious,0.997021980013712,DoS,0.9959146952429924,21,2,1000000.0,0.0,1,1,93.88,CRITICAL,CRITICAL
606,DoS attacks-SlowHTTPTest,Malicious,0.997021980013712,DoS,0.9959146952429924,21,2,1000000.0,0.0,1,1,93.88,CRITICAL,CRITICAL
607,DoS attacks-SlowHTTPTest,Malicious,0.9990243989046871,DoS,0.9969142350527069,21,21,95238.09524,0.0,1,1,93.91,CRITICAL,CRITICAL
608,DoS attacks-SlowHTTPTest,Malicious,0.9991814261356236,DoS,0.9972008096959903,21,3,666666.6667,0.0,1,1,93.92,CRITICAL,CRITICAL
609,DoS attacks-SlowHTTPTest,Malicious,0.9991814261356236,DoS,0.9972008096959903,21,3,666666.6667,0.0,1,1,93.92,CRITICAL,CRITICAL
610,DoS attacks-SlowHTTPTest,Malicious,0.9991122368835774,DoS,0.9972053722040928,21,4,500000.0,0.0,1,1,93.92,CRITICAL,CRITICAL
611,DoS attacks-SlowHTTPTest,Malicious,0.997021980013712,DoS,0.9959146952429924,21,2,1000000.0,0.0,1,1,93.88,CRITICAL,CRITICAL
612,DoS attacks-SlowHTTPTest,Malicious,0.997021980013712,DoS,0.9959146952429924,21,2,1000000.0,0.0,1,1,93.88,CRITICAL,CRITICAL
613,DoS attacks-SlowHTTPTest,Malicious,0.997021980013712,DoS,0.9959146952429924,21,2,1000000.0,0.0,1,1,93.88,CRITICAL,CRITICAL
614,DoS attacks-SlowHTTPTest,Malicious,0.9991122368835774,DoS,0.9972053722040928,21,4,500000.0,0.0,1,1,93.92,CRITICAL,CRITICAL
615,DoS attacks-SlowHTTPTest,Malicious,0.997021980013712,DoS,0.9959146952429924,21,2,1000000.0,0.0,1,1,93.88,CRITICAL,CRITICAL
616,DoS attacks-SlowHTTPTest,Malicious,0.997021980013712,DoS,0.9959146952429924,21,2,1000000.0,0.0,1,1,93.88,CRITICAL,CRITICAL
617,DoS attacks-SlowHTTPTest,Malicious,0.9990243989046871,DoS,0.9969142350527069,21,21,95238.09524,0.0,1,1,93.91,CRITICAL,CRITICAL
618,DoS attacks-SlowHTTPTest,Malicious,0.997021980013712,DoS,0.9959146952429924,21,2,1000000.0,0.0,1,1,93.88,CRITICAL,CRITICAL
619,DoS attacks-SlowHTTPTest,Malicious,0.9991814261356236,DoS,0.9972008096959903,21,3,666666.6667,0.0,1,1,93.92,CRITICAL,CRITICAL
620,DoS attacks-SlowHTTPTest,Malicious,0.997021980013712,DoS,0.9959146952429924,21,2,1000000.0,0.0,1,1,93.88,CRITICAL,CRITICAL
621,DoS attacks-SlowHTTPTest,Malicious,0.997021980013712,DoS,0.9959146952429924,21,2,1000000.0,0.0,1,1,93.88,CRITICAL,CRITICAL
622,DoS attacks-SlowHTTPTest,Malicious,0.997021980013712,DoS,0.9959146952429924,21,2,1000000.0,0.0,1,1,93.88,CRITICAL,CRITICAL
623,DoS attacks-SlowHTTPTest,Malicious,0.997021980013712,DoS,0.9959146952429924,21,2,1000000.0,0.0,1,1,93.88,CRITICAL,CRITICAL
624,DoS attacks-SlowHTTPTest,Malicious,0.997021980013712,DoS,0.9959146952429924,21,2,1000000.0,0.0,1,1,93.88,CRITICAL,CRITICAL
625,DoS attacks-SlowHTTPTest,Malicious,0.997021980013712,DoS,0.9959146952429924,21,2,1000000.0,0.0,1,1,93.88,CRITICAL,CRITICAL
626,DoS attacks-SlowHTTPTest,Malicious,0.9991814261356236,DoS,0.9972008096959903,21,3,666666.6667,0.0,1,1,93.92,CRITICAL,CRITICAL
627,DoS attacks-SlowHTTPTest,Malicious,0.9990451212632977,DoS,0.9960952278334371,21,22,90909.09091,0.0,1,1,93.88,CRITICAL,CRITICAL
628,DoS attacks-SlowHTTPTest,Malicious,0.9991814261356236,DoS,0.9972008096959903,21,3,666666.6667,0.0,1,1,93.92,CRITICAL,CRITICAL
629,DoS attacks-SlowHTTPTest,Malicious,0.997021980013712,DoS,0.9959146952429924,21,2,1000000.0,0.0,1,1,93.88,CRITICAL,CRITICAL
630,DoS attacks-SlowHTTPTest,Malicious,0.997021980013712,DoS,0.9959146952429924,21,2,1000000.0,0.0,1,1,93.88,CRITICAL,CRITICAL
631,DoS attacks-SlowHTTPTest,Malicious,0.9991814261356236,DoS,0.9972008096959903,21,3,666666.6667,0.0,1,1,93.92,CRITICAL,CRITICAL
632,DoS attacks-SlowHTTPTest,Malicious,0.9991814261356236,DoS,0.9972008096959903,21,3,666666.6667,0.0,1,1,93.92,CRITICAL,CRITICAL
633,DoS attacks-SlowHTTPTest,Malicious,0.997021980013712,DoS,0.9959146952429924,21,2,1000000.0,0.0,1,1,93.88,CRITICAL,CRITICAL
634,DoS attacks-SlowHTTPTest,Malicious,0.9991814261356236,DoS,0.9972008096959903,21,3,666666.6667,0.0,1,1,93.92,CRITICAL,CRITICAL
635,DoS attacks-SlowHTTPTest,Malicious,0.9991814261356236,DoS,0.9972008096959903,21,3,666666.6667,0.0,1,1,93.92,CRITICAL,CRITICAL
636,DoS attacks-SlowHTTPTest,Malicious,0.9991814261356236,DoS,0.9972008096959903,21,3,666666.6667,0.0,1,1,93.92,CRITICAL,CRITICAL
637,DoS attacks-SlowHTTPTest,Malicious,0.9989669600588464,DoS,0.9991145115609652,21,30,66666.66667,0.0,1,1,93.97,CRITICAL,CRITICAL
638,DoS attacks-SlowHTTPTest,Malicious,0.9984633513407082,DoS,0.996731769957154,21,6,333333.3333,0.0,1,1,93.9,CRITICAL,CRITICAL
639,DoS attacks-SlowHTTPTest,Malicious,0.9984633513407082,DoS,0.996731769957154,21,6,333333.3333,0.0,1,1,93.9,CRITICAL,CRITICAL
640,DoS attacks-SlowHTTPTest,Malicious,0.9991122368835774,DoS,0.9972053722040928,21,4,500000.0,0.0,1,1,93.92,CRITICAL,CRITICAL
641,DoS attacks-SlowHTTPTest,Malicious,0.9991814261356236,DoS,0.9972008096959903,21,3,666666.6667,0.0,1,1,93.92,CRITICAL,CRITICAL
642,DoS attacks-SlowHTTPTest,Malicious,0.997021980013712,DoS,0.9959146952429924,21,2,1000000.0,0.0,1,1,93.88,CRITICAL,CRITICAL
643,DoS attacks-SlowHTTPTest,Malicious,0.997021980013712,DoS,0.9959146952429924,21,2,1000000.0,0.0,1,1,93.88,CRITICAL,CRITICAL
644,DoS attacks-SlowHTTPTest,Malicious,0.997021980013712,DoS,0.9959146952429924,21,2,1000000.0,0.0,1,1,93.88,CRITICAL,CRITICAL
645,DoS attacks-SlowHTTPTest,Malicious,0.9991122368835774,DoS,0.9972053722040928,21,4,500000.0,0.0,1,1,93.92,CRITICAL,CRITICAL
646,DoS attacks-SlowHTTPTest,Malicious,0.9991814261356236,DoS,0.9972008096959903,21,3,666666.6667,0.0,1,1,93.92,CRITICAL,CRITICAL
647,DoS attacks-SlowHTTPTest,Malicious,0.9990243989046871,DoS,0.9969142350527069,21,21,95238.09524,0.0,1,1,93.91,CRITICAL,CRITICAL
648,DoS attacks-SlowHTTPTest,Malicious,0.997021980013712,DoS,0.9959146952429924,21,2,1000000.0,0.0,1,1,93.88,CRITICAL,CRITICAL
649,DoS attacks-SlowHTTPTest,Malicious,0.9991814261356236,DoS,0.9972008096959903,21,3,666666.6667,0.0,1,1,93.92,CRITICAL,CRITICAL
650,DoS attacks-SlowHTTPTest,Malicious,0.997021980013712,DoS,0.9959146952429924,21,2,1000000.0,0.0,1,1,93.88,CRITICAL,CRITICAL
651,DoS attacks-SlowHTTPTest,Malicious,0.997021980013712,DoS,0.9959146952429924,21,2,1000000.0,0.0,1,1,93.88,CRITICAL,CRITICAL
652,DoS attacks-SlowHTTPTest,Malicious,0.997021980013712,DoS,0.9959146952429924,21,2,1000000.0,0.0,1,1,93.88,CRITICAL,CRITICAL
653,DoS attacks-SlowHTTPTest,Malicious,0.997021980013712,DoS,0.9959146952429924,21,2,1000000.0,0.0,1,1,93.88,CRITICAL,CRITICAL
654,DoS attacks-SlowHTTPTest,Malicious,0.997021980013712,DoS,0.9959146952429924,21,2,1000000.0,0.0,1,1,93.88,CRITICAL,CRITICAL
655,DoS attacks-SlowHTTPTest,Malicious,0.997021980013712,DoS,0.9959146952429924,21,2,1000000.0,0.0,1,1,93.88,CRITICAL,CRITICAL
656,DoS attacks-SlowHTTPTest,Malicious,0.997021980013712,DoS,0.9959146952429924,21,2,1000000.0,0.0,1,1,93.88,CRITICAL,CRITICAL
657,DoS attacks-SlowHTTPTest,Malicious,0.9990243989046871,DoS,0.9969142350527069,21,21,95238.09524,0.0,1,1,93.91,CRITICAL,CRITICAL
658,DoS attacks-SlowHTTPTest,Malicious,0.9991814261356236,DoS,0.9972008096959903,21,3,666666.6667,0.0,1,1,93.92,CRITICAL,CRITICAL
659,DoS attacks-SlowHTTPTest,Malicious,0.997021980013712,DoS,0.9959146952429924,21,2,1000000.0,0.0,1,1,93.88,CRITICAL,CRITICAL
660,DoS attacks-SlowHTTPTest,Malicious,0.997021980013712,DoS,0.9959146952429924,21,2,1000000.0,0.0,1,1,93.88,CRITICAL,CRITICAL
661,DoS attacks-SlowHTTPTest,Malicious,0.9991814261356236,DoS,0.9972008096959903,21,3,666666.6667,0.0,1,1,93.92,CRITICAL,CRITICAL
662,DoS attacks-SlowHTTPTest,Malicious,0.997021980013712,DoS,0.9959146952429924,21,2,1000000.0,0.0,1,1,93.88,CRITICAL,CRITICAL
663,DoS attacks-SlowHTTPTest,Malicious,0.997021980013712,DoS,0.9959146952429924,21,2,1000000.0,0.0,1,1,93.88,CRITICAL,CRITICAL
664,DoS attacks-SlowHTTPTest,Malicious,0.997021980013712,DoS,0.9959146952429924,21,2,1000000.0,0.0,1,1,93.88,CRITICAL,CRITICAL
665,DoS attacks-SlowHTTPTest,Malicious,0.997021980013712,DoS,0.9959146952429924,21,2,1000000.0,0.0,1,1,93.88,CRITICAL,CRITICAL
666,DoS attacks-SlowHTTPTest,Malicious,0.997021980013712,DoS,0.9959146952429924,21,2,1000000.0,0.0,1,1,93.88,CRITICAL,CRITICAL
667,DoS attacks-SlowHTTPTest,Malicious,0.9974721214961242,DoS,0.9991145115609652,21,26,76923.07692,0.0,1,1,93.97,CRITICAL,CRITICAL
668,DoS attacks-SlowHTTPTest,Malicious,0.9984633513407082,DoS,0.996731769957154,21,6,333333.3333,0.0,1,1,93.9,CRITICAL,CRITICAL
669,DoS attacks-SlowHTTPTest,Malicious,0.9991744190838802,DoS,0.9972053722040928,21,5,400000.0,0.0,1,1,93.92,CRITICAL,CRITICAL
670,DoS attacks-SlowHTTPTest,Malicious,0.997021980013712,DoS,0.9959146952429924,21,2,1000000.0,0.0,1,1,93.88,CRITICAL,CRITICAL
671,DoS attacks-SlowHTTPTest,Malicious,0.997021980013712,DoS,0.9959146952429924,21,2,1000000.0,0.0,1,1,93.88,CRITICAL,CRITICAL
672,DoS attacks-SlowHTTPTest,Malicious,0.997021980013712,DoS,0.9959146952429924,21,2,1000000.0,0.0,1,1,93.88,CRITICAL,CRITICAL
673,DoS attacks-SlowHTTPTest,Malicious,0.997021980013712,DoS,0.9959146952429924,21,2,1000000.0,0.0,1,1,93.88,CRITICAL,CRITICAL
674,DoS attacks-SlowHTTPTest,Malicious,0.9991814261356236,DoS,0.9972008096959903,21,3,666666.6667,0.0,1,1,93.92,CRITICAL,CRITICAL
675,DoS attacks-SlowHTTPTest,Malicious,0.9991814261356236,DoS,0.9972008096959903,21,3,666666.6667,0.0,1,1,93.92,CRITICAL,CRITICAL
676,DoS attacks-SlowHTTPTest,Malicious,0.997021980013712,DoS,0.9959146952429924,21,2,1000000.0,0.0,1,1,93.88,CRITICAL,CRITICAL
677,DoS attacks-SlowHTTPTest,Malicious,0.998236202966758,DoS,0.998067780685861,21,24,83333.33333,0.0,1,1,93.94,CRITICAL,CRITICAL
678,DoS attacks-SlowHTTPTest,Malicious,0.9984633513407082,DoS,0.996731769957154,21,6,333333.3333,0.0,1,1,93.9,CRITICAL,CRITICAL
679,DoS attacks-SlowHTTPTest,Malicious,0.9991744190838802,DoS,0.9972053722040928,21,5,400000.0,0.0,1,1,93.92,CRITICAL,CRITICAL
680,DoS attacks-SlowHTTPTest,Malicious,0.9991122368835774,DoS,0.9972053722040928,21,4,500000.0,0.0,1,1,93.92,CRITICAL,CRITICAL
681,DoS attacks-SlowHTTPTest,Malicious,0.9991814261356236,DoS,0.9972008096959903,21,3,666666.6667,0.0,1,1,93.92,CRITICAL,CRITICAL
682,DoS attacks-SlowHTTPTest,Malicious,0.997021980013712,DoS,0.9959146952429924,21,2,1000000.0,0.0,1,1,93.88,CRITICAL,CRITICAL
683,DoS attacks-SlowHTTPTest,Malicious,0.997021980013712,DoS,0.9959146952429924,21,2,1000000.0,0.0,1,1,93.88,CRITICAL,CRITICAL
684,DoS attacks-SlowHTTPTest,Malicious,0.9991814261356236,DoS,0.9972008096959903,21,3,666666.6667,0.0,1,1,93.92,CRITICAL,CRITICAL
685,DoS attacks-SlowHTTPTest,Malicious,0.997021980013712,DoS,0.9959146952429924,21,2,1000000.0,0.0,1,1,93.88,CRITICAL,CRITICAL
686,DoS attacks-SlowHTTPTest,Malicious,0.997021980013712,DoS,0.9959146952429924,21,2,1000000.0,0.0,1,1,93.88,CRITICAL,CRITICAL
687,DoS attacks-SlowHTTPTest,Malicious,0.9973878234208896,DoS,0.9969927188014611,21,45,44444.44444,0.0,1,1,93.91,CRITICAL,CRITICAL
688,DoS attacks-SlowHTTPTest,Malicious,0.9991814261356236,DoS,0.9972008096959903,21,3,666666.6667,0.0,1,1,93.92,CRITICAL,CRITICAL
689,DoS attacks-SlowHTTPTest,Malicious,0.9991814261356236,DoS,0.9972008096959903,21,3,666666.6667,0.0,1,1,93.92,CRITICAL,CRITICAL
690,DoS attacks-SlowHTTPTest,Malicious,0.9991814261356236,DoS,0.9972008096959903,21,3,666666.6667,0.0,1,1,93.92,CRITICAL,CRITICAL
691,DoS attacks-SlowHTTPTest,Malicious,0.997021980013712,DoS,0.9959146952429924,21,2,1000000.0,0.0,1,1,93.88,CRITICAL,CRITICAL
692,DoS attacks-SlowHTTPTest,Malicious,0.9991814261356236,DoS,0.9972008096959903,21,3,666666.6667,0.0,1,1,93.92,CRITICAL,CRITICAL
693,DoS attacks-SlowHTTPTest,Malicious,0.9991814261356236,DoS,0.9972008096959903,21,3,666666.6667,0.0,1,1,93.92,CRITICAL,CRITICAL
694,DoS attacks-SlowHTTPTest,Malicious,0.997021980013712,DoS,0.9959146952429924,21,2,1000000.0,0.0,1,1,93.88,CRITICAL,CRITICAL
695,DoS attacks-SlowHTTPTest,Malicious,0.997021980013712,DoS,0.9959146952429924,21,2,1000000.0,0.0,1,1,93.88,CRITICAL,CRITICAL
696,DoS attacks-SlowHTTPTest,Malicious,0.9991814261356236,DoS,0.9972008096959903,21,3,666666.6667,0.0,1,1,93.92,CRITICAL,CRITICAL
697,DoS attacks-SlowHTTPTest,Malicious,0.9983394210266541,DoS,0.9969169749507311,21,23,86956.52174,0.0,1,1,93.91,CRITICAL,CRITICAL
698,DoS attacks-SlowHTTPTest,Malicious,0.9991814261356236,DoS,0.9972008096959903,21,3,666666.6667,0.0,1,1,93.92,CRITICAL,CRITICAL
699,DoS attacks-SlowHTTPTest,Malicious,0.9991814261356236,DoS,0.9972008096959903,21,3,666666.6667,0.0,1,1,93.92,CRITICAL,CRITICAL
700,DoS attacks-SlowHTTPTest,Malicious,0.997021980013712,DoS,0.9959146952429924,21,2,1000000.0,0.0,1,1,93.88,CRITICAL,CRITICAL
701,DoS attacks-SlowHTTPTest,Malicious,0.997021980013712,DoS,0.9959146952429924,21,2,1000000.0,0.0,1,1,93.88,CRITICAL,CRITICAL
702,DoS attacks-SlowHTTPTest,Malicious,0.9991814261356236,DoS,0.9972008096959903,21,3,666666.6667,0.0,1,1,93.92,CRITICAL,CRITICAL
703,DoS attacks-SlowHTTPTest,Malicious,0.9991814261356236,DoS,0.9972008096959903,21,3,666666.6667,0.0,1,1,93.92,CRITICAL,CRITICAL
704,DoS attacks-SlowHTTPTest,Malicious,0.9991814261356236,DoS,0.9972008096959903,21,3,666666.6667,0.0,1,1,93.92,CRITICAL,CRITICAL
705,DoS attacks-SlowHTTPTest,Malicious,0.997021980013712,DoS,0.9959146952429924,21,2,1000000.0,0.0,1,1,93.88,CRITICAL,CRITICAL
706,DoS attacks-SlowHTTPTest,Malicious,0.997021980013712,DoS,0.9959146952429924,21,2,1000000.0,0.0,1,1,93.88,CRITICAL,CRITICAL
707,DoS attacks-SlowHTTPTest,Malicious,0.9987930432969541,DoS,0.9991145115609652,21,28,71428.57143,0.0,1,1,93.97,CRITICAL,CRITICAL
708,DoS attacks-SlowHTTPTest,Malicious,0.9991744190838802,DoS,0.9972053722040928,21,5,400000.0,0.0,1,1,93.92,CRITICAL,CRITICAL
709,DoS attacks-SlowHTTPTest,Malicious,0.9991122368835774,DoS,0.9972053722040928,21,4,500000.0,0.0,1,1,93.92,CRITICAL,CRITICAL
710,DoS attacks-SlowHTTPTest,Malicious,0.9977588249250645,DoS,0.9971354404827253,21,16,125000.0,0.0,1,1,93.91,CRITICAL,CRITICAL
711,DoS attacks-SlowHTTPTest,Malicious,0.9991814261356236,DoS,0.9972008096959903,21,3,666666.6667,0.0,1,1,93.92,CRITICAL,CRITICAL
712,DoS attacks-SlowHTTPTest,Malicious,0.9991814261356236,DoS,0.9972008096959903,21,3,666666.6667,0.0,1,1,93.92,CRITICAL,CRITICAL
713,DoS attacks-SlowHTTPTest,Malicious,0.997021980013712,DoS,0.9959146952429924,21,2,1000000.0,0.0,1,1,93.88,CRITICAL,CRITICAL
714,DoS attacks-SlowHTTPTest,Malicious,0.997021980013712,DoS,0.9959146952429924,21,2,1000000.0,0.0,1,1,93.88,CRITICAL,CRITICAL
715,DoS attacks-SlowHTTPTest,Malicious,0.997021980013712,DoS,0.9959146952429924,21,2,1000000.0,0.0,1,1,93.88,CRITICAL,CRITICAL
716,DoS attacks-SlowHTTPTest,Malicious,0.9987930432969541,DoS,0.9991145115609652,21,28,71428.57143,0.0,1,1,93.97,CRITICAL,CRITICAL
717,DoS attacks-SlowHTTPTest,Malicious,0.997021980013712,DoS,0.9959146952429924,21,2,1000000.0,0.0,1,1,93.88,CRITICAL,CRITICAL
718,DoS attacks-SlowHTTPTest,Malicious,0.9984633513407082,DoS,0.996731769957154,21,6,333333.3333,0.0,1,1,93.9,CRITICAL,CRITICAL
719,DoS attacks-SlowHTTPTest,Malicious,0.9991744190838802,DoS,0.9972053722040928,21,5,400000.0,0.0,1,1,93.92,CRITICAL,CRITICAL
720,DoS attacks-SlowHTTPTest,Malicious,0.9984633513407082,DoS,0.996731769957154,21,6,333333.3333,0.0,1,1,93.9,CRITICAL,CRITICAL
721,DoS attacks-SlowHTTPTest,Malicious,0.9991744190838802,DoS,0.9972053722040928,21,5,400000.0,0.0,1,1,93.92,CRITICAL,CRITICAL
722,DoS attacks-SlowHTTPTest,Malicious,0.9991744190838802,DoS,0.9972053722040928,21,5,400000.0,0.0,1,1,93.92,CRITICAL,CRITICAL
723,DoS attacks-SlowHTTPTest,Malicious,0.9990687352503981,DoS,0.9969519475927707,21,9,222222.2222,0.0,1,1,93.91,CRITICAL,CRITICAL
724,DoS attacks-SlowHTTPTest,Malicious,0.997021980013712,DoS,0.9959146952429924,21,2,1000000.0,0.0,1,1,93.88,CRITICAL,CRITICAL
725,DoS attacks-SlowHTTPTest,Malicious,0.997021980013712,DoS,0.9959146952429924,21,2,1000000.0,0.0,1,1,93.88,CRITICAL,CRITICAL
726,DoS attacks-SlowHTTPTest,Malicious,0.997021980013712,DoS,0.9959146952429924,21,2,1000000.0,0.0,1,1,93.88,CRITICAL,CRITICAL
727,DoS attacks-SlowHTTPTest,Malicious,0.9990451212632977,DoS,0.9960952278334371,21,22,90909.09091,0.0,1,1,93.88,CRITICAL,CRITICAL
728,DoS attacks-SlowHTTPTest,Malicious,0.9991814261356236,DoS,0.9972008096959903,21,3,666666.6667,0.0,1,1,93.92,CRITICAL,CRITICAL
729,DoS attacks-SlowHTTPTest,Malicious,0.9991814261356236,DoS,0.9972008096959903,21,3,666666.6667,0.0,1,1,93.92,CRITICAL,CRITICAL
730,DoS attacks-SlowHTTPTest,Malicious,0.997021980013712,DoS,0.9959146952429924,21,2,1000000.0,0.0,1,1,93.88,CRITICAL,CRITICAL
731,DoS attacks-SlowHTTPTest,Malicious,0.997021980013712,DoS,0.9959146952429924,21,2,1000000.0,0.0,1,1,93.88,CRITICAL,CRITICAL
732,DoS attacks-SlowHTTPTest,Malicious,0.997021980013712,DoS,0.9959146952429924,21,2,1000000.0,0.0,1,1,93.88,CRITICAL,CRITICAL
733,DoS attacks-SlowHTTPTest,Malicious,0.9991814261356236,DoS,0.9972008096959903,21,3,666666.6667,0.0,1,1,93.92,CRITICAL,CRITICAL
734,DoS attacks-SlowHTTPTest,Malicious,0.9991814261356236,DoS,0.9972008096959903,21,3,666666.6667,0.0,1,1,93.92,CRITICAL,CRITICAL
735,DoS attacks-SlowHTTPTest,Malicious,0.9991814261356236,DoS,0.9972008096959903,21,3,666666.6667,0.0,1,1,93.92,CRITICAL,CRITICAL
736,DoS attacks-SlowHTTPTest,Malicious,0.997021980013712,DoS,0.9959146952429924,21,2,1000000.0,0.0,1,1,93.88,CRITICAL,CRITICAL
737,DoS attacks-SlowHTTPTest,Malicious,0.9987135883346407,DoS,0.9991145115609652,21,29,68965.51724,0.0,1,1,93.97,CRITICAL,CRITICAL
738,DoS attacks-SlowHTTPTest,Malicious,0.9984633513407082,DoS,0.996731769957154,21,6,333333.3333,0.0,1,1,93.9,CRITICAL,CRITICAL
739,DoS attacks-SlowHTTPTest,Malicious,0.9991744190838802,DoS,0.9972053722040928,21,5,400000.0,0.0,1,1,93.92,CRITICAL,CRITICAL
740,DoS attacks-SlowHTTPTest,Malicious,0.9991122368835774,DoS,0.9972053722040928,21,4,500000.0,0.0,1,1,93.92,CRITICAL,CRITICAL
741,DoS attacks-SlowHTTPTest,Malicious,0.997021980013712,DoS,0.9959146952429924,21,2,1000000.0,0.0,1,1,93.88,CRITICAL,CRITICAL
742,DoS attacks-SlowHTTPTest,Malicious,0.997021980013712,DoS,0.9959146952429924,21,2,1000000.0,0.0,1,1,93.88,CRITICAL,CRITICAL
743,DoS attacks-SlowHTTPTest,Malicious,0.997021980013712,DoS,0.9959146952429924,21,2,1000000.0,0.0,1,1,93.88,CRITICAL,CRITICAL
744,DoS attacks-SlowHTTPTest,Malicious,0.997021980013712,DoS,0.9959146952429924,21,2,1000000.0,0.0,1,1,93.88,CRITICAL,CRITICAL
745,DoS attacks-SlowHTTPTest,Malicious,0.997021980013712,DoS,0.9959146952429924,21,2,1000000.0,0.0,1,1,93.88,CRITICAL,CRITICAL
746,DoS attacks-SlowHTTPTest,Malicious,0.997021980013712,DoS,0.9959146952429924,21,2,1000000.0,0.0,1,1,93.88,CRITICAL,CRITICAL
747,DoS attacks-SlowHTTPTest,Malicious,0.9990451212632977,DoS,0.9960952278334371,21,22,90909.09091,0.0,1,1,93.88,CRITICAL,CRITICAL
748,DoS attacks-SlowHTTPTest,Malicious,0.9991814261356236,DoS,0.9972008096959903,21,3,666666.6667,0.0,1,1,93.92,CRITICAL,CRITICAL
749,DoS attacks-SlowHTTPTest,Malicious,0.997021980013712,DoS,0.9959146952429924,21,2,1000000.0,0.0,1,1,93.88,CRITICAL,CRITICAL
750,DoS attacks-SlowHTTPTest,Malicious,0.9991814261356236,DoS,0.9972008096959903,21,3,666666.6667,0.0,1,1,93.92,CRITICAL,CRITICAL
751,DoS attacks-SlowHTTPTest,Malicious,0.997021980013712,DoS,0.9959146952429924,21,2,1000000.0,0.0,1,1,93.88,CRITICAL,CRITICAL
752,DoS attacks-SlowHTTPTest,Malicious,0.9991814261356236,DoS,0.9972008096959903,21,3,666666.6667,0.0,1,1,93.92,CRITICAL,CRITICAL
753,DoS attacks-SlowHTTPTest,Malicious,0.997021980013712,DoS,0.9959146952429924,21,2,1000000.0,0.0,1,1,93.88,CRITICAL,CRITICAL
754,DoS attacks-SlowHTTPTest,Malicious,0.9991814261356236,DoS,0.9972008096959903,21,3,666666.6667,0.0,1,1,93.92,CRITICAL,CRITICAL
755,DoS attacks-SlowHTTPTest,Malicious,0.9991814261356236,DoS,0.9972008096959903,21,3,666666.6667,0.0,1,1,93.92,CRITICAL,CRITICAL
756,DoS attacks-SlowHTTPTest,Malicious,0.997021980013712,DoS,0.9959146952429924,21,2,1000000.0,0.0,1,1,93.88,CRITICAL,CRITICAL
757,DoS attacks-SlowHTTPTest,Malicious,0.9989834209641962,DoS,0.9991145115609652,21,27,74074.07407,0.0,1,1,93.97,CRITICAL,CRITICAL
758,DoS attacks-SlowHTTPTest,Malicious,0.9991814261356236,DoS,0.9972008096959903,21,3,666666.6667,0.0,1,1,93.92,CRITICAL,CRITICAL
759,DoS attacks-SlowHTTPTest,Malicious,0.997021980013712,DoS,0.9959146952429924,21,2,1000000.0,0.0,1,1,93.88,CRITICAL,CRITICAL
760,DoS attacks-SlowHTTPTest,Malicious,0.997021980013712,DoS,0.9959146952429924,21,2,1000000.0,0.0,1,1,93.88,CRITICAL,CRITICAL
761,DoS attacks-SlowHTTPTest,Malicious,0.997021980013712,DoS,0.9959146952429924,21,2,1000000.0,0.0,1,1,93.88,CRITICAL,CRITICAL
762,DoS attacks-SlowHTTPTest,Malicious,0.997021980013712,DoS,0.9959146952429924,21,2,1000000.0,0.0,1,1,93.88,CRITICAL,CRITICAL
763,DoS attacks-SlowHTTPTest,Malicious,0.9988754829076442,DoS,0.9965838196509015,21,14,142857.1429,0.0,1,1,93.9,CRITICAL,CRITICAL
764,DoS attacks-SlowHTTPTest,Malicious,0.997021980013712,DoS,0.9959146952429924,21,2,1000000.0,0.0,1,1,93.88,CRITICAL,CRITICAL
765,DoS attacks-SlowHTTPTest,Malicious,0.9991814261356236,DoS,0.9972008096959903,21,3,666666.6667,0.0,1,1,93.92,CRITICAL,CRITICAL
766,DoS attacks-SlowHTTPTest,Malicious,0.997021980013712,DoS,0.9959146952429924,21,2,1000000.0,0.0,1,1,93.88,CRITICAL,CRITICAL
767,DoS attacks-SlowHTTPTest,Malicious,0.9990243989046871,DoS,0.9969142350527069,21,21,95238.09524,0.0,1,1,93.91,CRITICAL,CRITICAL
768,DoS attacks-SlowHTTPTest,Malicious,0.9991814261356236,DoS,0.9972008096959903,21,3,666666.6667,0.0,1,1,93.92,CRITICAL,CRITICAL
769,DoS attacks-SlowHTTPTest,Malicious,0.9991814261356236,DoS,0.9972008096959903,21,3,666666.6667,0.0,1,1,93.92,CRITICAL,CRITICAL
770,DoS attacks-SlowHTTPTest,Malicious,0.9991814261356236,DoS,0.9972008096959903,21,3,666666.6667,0.0,1,1,93.92,CRITICAL,CRITICAL
771,DoS attacks-SlowHTTPTest,Malicious,0.997021980013712,DoS,0.9959146952429924,21,2,1000000.0,0.0,1,1,93.88,CRITICAL,CRITICAL
772,DoS attacks-SlowHTTPTest,Malicious,0.997021980013712,DoS,0.9959146952429924,21,2,1000000.0,0.0,1,1,93.88,CRITICAL,CRITICAL
773,DoS attacks-SlowHTTPTest,Malicious,0.997021980013712,DoS,0.9959146952429924,21,2,1000000.0,0.0,1,1,93.88,CRITICAL,CRITICAL
774,DoS attacks-SlowHTTPTest,Malicious,0.9991814261356236,DoS,0.9972008096959903,21,3,666666.6667,0.0,1,1,93.92,CRITICAL,CRITICAL
775,DoS attacks-SlowHTTPTest,Malicious,0.997021980013712,DoS,0.9959146952429924,21,2,1000000.0,0.0,1,1,93.88,CRITICAL,CRITICAL
776,DoS attacks-SlowHTTPTest,Malicious,0.997021980013712,DoS,0.9959146952429924,21,2,1000000.0,0.0,1,1,93.88,CRITICAL,CRITICAL
777,DoS attacks-SlowHTTPTest,Malicious,0.9987930432969541,DoS,0.9991145115609652,21,28,71428.57143,0.0,1,1,93.97,CRITICAL,CRITICAL
778,DoS attacks-SlowHTTPTest,Malicious,0.9984633513407082,DoS,0.996731769957154,21,6,333333.3333,0.0,1,1,93.9,CRITICAL,CRITICAL
779,DoS attacks-SlowHTTPTest,Malicious,0.9991744190838802,DoS,0.9972053722040928,21,5,400000.0,0.0,1,1,93.92,CRITICAL,CRITICAL
780,DoS attacks-SlowHTTPTest,Malicious,0.9991744190838802,DoS,0.9972053722040928,21,5,400000.0,0.0,1,1,93.92,CRITICAL,CRITICAL
781,DoS attacks-SlowHTTPTest,Malicious,0.9991744190838802,DoS,0.9972053722040928,21,5,400000.0,0.0,1,1,93.92,CRITICAL,CRITICAL
782,DoS attacks-SlowHTTPTest,Malicious,0.9991814261356236,DoS,0.9972008096959903,21,3,666666.6667,0.0,1,1,93.92,CRITICAL,CRITICAL
783,DoS attacks-SlowHTTPTest,Malicious,0.997021980013712,DoS,0.9959146952429924,21,2,1000000.0,0.0,1,1,93.88,CRITICAL,CRITICAL
784,DoS attacks-SlowHTTPTest,Malicious,0.997021980013712,DoS,0.9959146952429924,21,2,1000000.0,0.0,1,1,93.88,CRITICAL,CRITICAL
785,DoS attacks-SlowHTTPTest,Malicious,0.997021980013712,DoS,0.9959146952429924,21,2,1000000.0,0.0,1,1,93.88,CRITICAL,CRITICAL
786,DoS attacks-SlowHTTPTest,Malicious,0.997021980013712,DoS,0.9959146952429924,21,2,1000000.0,0.0,1,1,93.88,CRITICAL,CRITICAL
787,DoS attacks-SlowHTTPTest,Malicious,0.9990451212632977,DoS,0.9960952278334371,21,22,90909.09091,0.0,1,1,93.88,CRITICAL,CRITICAL
788,DoS attacks-SlowHTTPTest,Malicious,0.9991814261356236,DoS,0.9972008096959903,21,3,666666.6667,0.0,1,1,93.92,CRITICAL,CRITICAL
789,DoS attacks-SlowHTTPTest,Malicious,0.997021980013712,DoS,0.9959146952429924,21,2,1000000.0,0.0,1,1,93.88,CRITICAL,CRITICAL
790,DoS attacks-SlowHTTPTest,Malicious,0.9991122368835774,DoS,0.9972053722040928,21,4,500000.0,0.0,1,1,93.92,CRITICAL,CRITICAL
791,DoS attacks-SlowHTTPTest,Malicious,0.997021980013712,DoS,0.9959146952429924,21,2,1000000.0,0.0,1,1,93.88,CRITICAL,CRITICAL
792,DoS attacks-SlowHTTPTest,Malicious,0.997021980013712,DoS,0.9959146952429924,21,2,1000000.0,0.0,1,1,93.88,CRITICAL,CRITICAL
793,DoS attacks-SlowHTTPTest,Malicious,0.997021980013712,DoS,0.9959146952429924,21,2,1000000.0,0.0,1,1,93.88,CRITICAL,CRITICAL
794,DoS attacks-SlowHTTPTest,Malicious,0.997021980013712,DoS,0.9959146952429924,21,2,1000000.0,0.0,1,1,93.88,CRITICAL,CRITICAL
795,DoS attacks-SlowHTTPTest,Malicious,0.997021980013712,DoS,0.9959146952429924,21,2,1000000.0,0.0,1,1,93.88,CRITICAL,CRITICAL
796,DoS attacks-SlowHTTPTest,Malicious,0.9991814261356236,DoS,0.9972008096959903,21,3,666666.6667,0.0,1,1,93.92,CRITICAL,CRITICAL
797,DoS attacks-SlowHTTPTest,Malicious,0.9990243989046871,DoS,0.9969142350527069,21,21,95238.09524,0.0,1,1,93.91,CRITICAL,CRITICAL
798,DoS attacks-SlowHTTPTest,Malicious,0.9991814261356236,DoS,0.9972008096959903,21,3,666666.6667,0.0,1,1,93.92,CRITICAL,CRITICAL
799,DoS attacks-SlowHTTPTest,Malicious,0.9991814261356236,DoS,0.9972008096959903,21,3,666666.6667,0.0,1,1,93.92,CRITICAL,CRITICAL
800,DoS attacks-SlowHTTPTest,Malicious,0.9991814261356236,DoS,0.9972008096959903,21,3,666666.6667,0.0,1,1,93.92,CRITICAL,CRITICAL
801,DoS attacks-SlowHTTPTest,Malicious,0.997021980013712,DoS,0.9959146952429924,21,2,1000000.0,0.0,1,1,93.88,CRITICAL,CRITICAL
802,DoS attacks-SlowHTTPTest,Malicious,0.9991814261356236,DoS,0.9972008096959903,21,3,666666.6667,0.0,1,1,93.92,CRITICAL,CRITICAL
803,DoS attacks-SlowHTTPTest,Malicious,0.9991814261356236,DoS,0.9972008096959903,21,3,666666.6667,0.0,1,1,93.92,CRITICAL,CRITICAL
804,DoS attacks-SlowHTTPTest,Malicious,0.997021980013712,DoS,0.9959146952429924,21,2,1000000.0,0.0,1,1,93.88,CRITICAL,CRITICAL
805,DoS attacks-SlowHTTPTest,Malicious,0.9986484907000445,DoS,0.9923960145275802,21,11,181818.1818,0.0,1,1,93.77,CRITICAL,CRITICAL
806,DoS attacks-SlowHTTPTest,Malicious,0.9991814261356236,DoS,0.9972008096959903,21,3,666666.6667,0.0,1,1,93.92,CRITICAL,CRITICAL
807,DoS attacks-SlowHTTPTest,Malicious,0.9990451212632977,DoS,0.9960952278334371,21,22,90909.09091,0.0,1,1,93.88,CRITICAL,CRITICAL
808,DoS attacks-SlowHTTPTest,Malicious,0.997021980013712,DoS,0.9959146952429924,21,2,1000000.0,0.0,1,1,93.88,CRITICAL,CRITICAL
809,DoS attacks-SlowHTTPTest,Malicious,0.9991814261356236,DoS,0.9972008096959903,21,3,666666.6667,0.0,1,1,93.92,CRITICAL,CRITICAL
810,DoS attacks-SlowHTTPTest,Malicious,0.9991814261356236,DoS,0.9972008096959903,21,3,666666.6667,0.0,1,1,93.92,CRITICAL,CRITICAL
811,DoS attacks-SlowHTTPTest,Malicious,0.9991814261356236,DoS,0.9972008096959903,21,3,666666.6667,0.0,1,1,93.92,CRITICAL,CRITICAL
812,DoS attacks-SlowHTTPTest,Malicious,0.9991814261356236,DoS,0.9972008096959903,21,3,666666.6667,0.0,1,1,93.92,CRITICAL,CRITICAL
813,DoS attacks-SlowHTTPTest,Malicious,0.997021980013712,DoS,0.9959146952429924,21,2,1000000.0,0.0,1,1,93.88,CRITICAL,CRITICAL
814,DoS attacks-SlowHTTPTest,Malicious,0.997021980013712,DoS,0.9959146952429924,21,2,1000000.0,0.0,1,1,93.88,CRITICAL,CRITICAL
815,DoS attacks-SlowHTTPTest,Malicious,0.997021980013712,DoS,0.9959146952429924,21,2,1000000.0,0.0,1,1,93.88,CRITICAL,CRITICAL
816,DoS attacks-SlowHTTPTest,Malicious,0.9991814261356236,DoS,0.9972008096959903,21,3,666666.6667,0.0,1,1,93.92,CRITICAL,CRITICAL
817,DoS attacks-SlowHTTPTest,Malicious,0.9987930432969541,DoS,0.9991145115609652,21,28,71428.57143,0.0,1,1,93.97,CRITICAL,CRITICAL
818,DoS attacks-SlowHTTPTest,Malicious,0.9991744190838802,DoS,0.9972053722040928,21,5,400000.0,0.0,1,1,93.92,CRITICAL,CRITICAL
819,DoS attacks-SlowHTTPTest,Malicious,0.9991122368835774,DoS,0.9972053722040928,21,4,500000.0,0.0,1,1,93.92,CRITICAL,CRITICAL
820,DoS attacks-SlowHTTPTest,Malicious,0.9991744190838802,DoS,0.9972053722040928,21,5,400000.0,0.0,1,1,93.92,CRITICAL,CRITICAL
821,DoS attacks-SlowHTTPTest,Malicious,0.9991744190838802,DoS,0.9972053722040928,21,5,400000.0,0.0,1,1,93.92,CRITICAL,CRITICAL
822,DoS attacks-SlowHTTPTest,Malicious,0.9991122368835774,DoS,0.9972053722040928,21,4,500000.0,0.0,1,1,93.92,CRITICAL,CRITICAL
823,DoS attacks-SlowHTTPTest,Malicious,0.9991814261356236,DoS,0.9972008096959903,21,3,666666.6667,0.0,1,1,93.92,CRITICAL,CRITICAL
824,DoS attacks-SlowHTTPTest,Malicious,0.997021980013712,DoS,0.9959146952429924,21,2,1000000.0,0.0,1,1,93.88,CRITICAL,CRITICAL
825,DoS attacks-SlowHTTPTest,Malicious,0.997021980013712,DoS,0.9959146952429924,21,2,1000000.0,0.0,1,1,93.88,CRITICAL,CRITICAL
826,DoS attacks-SlowHTTPTest,Malicious,0.997021980013712,DoS,0.9959146952429924,21,2,1000000.0,0.0,1,1,93.88,CRITICAL,CRITICAL
827,DoS attacks-SlowHTTPTest,Malicious,0.9989834209641962,DoS,0.9991145115609652,21,27,74074.07407,0.0,1,1,93.97,CRITICAL,CRITICAL
828,DoS attacks-SlowHTTPTest,Malicious,0.9991744190838802,DoS,0.9972053722040928,21,5,400000.0,0.0,1,1,93.92,CRITICAL,CRITICAL
829,DoS attacks-SlowHTTPTest,Malicious,0.9991122368835774,DoS,0.9972053722040928,21,4,500000.0,0.0,1,1,93.92,CRITICAL,CRITICAL
830,DoS attacks-SlowHTTPTest,Malicious,0.9991122368835774,DoS,0.9972053722040928,21,4,500000.0,0.0,1,1,93.92,CRITICAL,CRITICAL
831,DoS attacks-SlowHTTPTest,Malicious,0.9991744190838802,DoS,0.9972053722040928,21,5,400000.0,0.0,1,1,93.92,CRITICAL,CRITICAL
832,DoS attacks-SlowHTTPTest,Malicious,0.9991122368835774,DoS,0.9972053722040928,21,4,500000.0,0.0,1,1,93.92,CRITICAL,CRITICAL
833,DoS attacks-SlowHTTPTest,Malicious,0.997021980013712,DoS,0.9959146952429924,21,2,1000000.0,0.0,1,1,93.88,CRITICAL,CRITICAL
834,DoS attacks-SlowHTTPTest,Malicious,0.997021980013712,DoS,0.9959146952429924,21,2,1000000.0,0.0,1,1,93.88,CRITICAL,CRITICAL
835,DoS attacks-SlowHTTPTest,Malicious,0.9991814261356236,DoS,0.9972008096959903,21,3,666666.6667,0.0,1,1,93.92,CRITICAL,CRITICAL
836,DoS attacks-SlowHTTPTest,Malicious,0.9991814261356236,DoS,0.9972008096959903,21,3,666666.6667,0.0,1,1,93.92,CRITICAL,CRITICAL
837,DoS attacks-SlowHTTPTest,Malicious,0.9990451212632977,DoS,0.9960952278334371,21,22,90909.09091,0.0,1,1,93.88,CRITICAL,CRITICAL
838,DoS attacks-SlowHTTPTest,Malicious,0.9991814261356236,DoS,0.9972008096959903,21,3,666666.6667,0.0,1,1,93.92,CRITICAL,CRITICAL
839,DoS attacks-SlowHTTPTest,Malicious,0.997021980013712,DoS,0.9959146952429924,21,2,1000000.0,0.0,1,1,93.88,CRITICAL,CRITICAL
840,DoS attacks-SlowHTTPTest,Malicious,0.997021980013712,DoS,0.9959146952429924,21,2,1000000.0,0.0,1,1,93.88,CRITICAL,CRITICAL
841,DoS attacks-SlowHTTPTest,Malicious,0.997021980013712,DoS,0.9959146952429924,21,2,1000000.0,0.0,1,1,93.88,CRITICAL,CRITICAL
842,DoS attacks-SlowHTTPTest,Malicious,0.997021980013712,DoS,0.9959146952429924,21,2,1000000.0,0.0,1,1,93.88,CRITICAL,CRITICAL
843,DoS attacks-SlowHTTPTest,Malicious,0.9984633513407082,DoS,0.996731769957154,21,6,333333.3333,0.0,1,1,93.9,CRITICAL,CRITICAL
844,DoS attacks-SlowHTTPTest,Malicious,0.9991122368835774,DoS,0.9972053722040928,21,4,500000.0,0.0,1,1,93.92,CRITICAL,CRITICAL
845,DoS attacks-SlowHTTPTest,Malicious,0.9991122368835774,DoS,0.9972053722040928,21,4,500000.0,0.0,1,1,93.92,CRITICAL,CRITICAL
846,DoS attacks-SlowHTTPTest,Malicious,0.9991122368835774,DoS,0.9972053722040928,21,4,500000.0,0.0,1,1,93.92,CRITICAL,CRITICAL
847,DoS attacks-SlowHTTPTest,Malicious,0.998941075707827,DoS,0.9964058981213615,21,20,100000.0,0.0,1,1,93.89,CRITICAL,CRITICAL
848,DoS attacks-SlowHTTPTest,Malicious,0.9991814261356236,DoS,0.9972008096959903,21,3,666666.6667,0.0,1,1,93.92,CRITICAL,CRITICAL
849,DoS attacks-SlowHTTPTest,Malicious,0.997021980013712,DoS,0.9959146952429924,21,2,1000000.0,0.0,1,1,93.88,CRITICAL,CRITICAL
850,DoS attacks-SlowHTTPTest,Malicious,0.997021980013712,DoS,0.9959146952429924,21,2,1000000.0,0.0,1,1,93.88,CRITICAL,CRITICAL
851,DoS attacks-SlowHTTPTest,Malicious,0.997021980013712,DoS,0.9959146952429924,21,2,1000000.0,0.0,1,1,93.88,CRITICAL,CRITICAL
852,DoS attacks-SlowHTTPTest,Malicious,0.9991814261356236,DoS,0.9972008096959903,21,3,666666.6667,0.0,1,1,93.92,CRITICAL,CRITICAL
853,DoS attacks-SlowHTTPTest,Malicious,0.9991814261356236,DoS,0.9972008096959903,21,3,666666.6667,0.0,1,1,93.92,CRITICAL,CRITICAL
854,DoS attacks-SlowHTTPTest,Malicious,0.997021980013712,DoS,0.9959146952429924,21,2,1000000.0,0.0,1,1,93.88,CRITICAL,CRITICAL
855,DoS attacks-SlowHTTPTest,Malicious,0.9991814261356236,DoS,0.9972008096959903,21,3,666666.6667,0.0,1,1,93.92,CRITICAL,CRITICAL
856,DoS attacks-SlowHTTPTest,Malicious,0.997021980013712,DoS,0.9959146952429924,21,2,1000000.0,0.0,1,1,93.88,CRITICAL,CRITICAL
857,DoS attacks-SlowHTTPTest,Malicious,0.9976671748828277,DoS,0.9965055059330997,21,19,105263.1579,0.0,1,1,93.9,CRITICAL,CRITICAL
858,DoS attacks-SlowHTTPTest,Malicious,0.9991814261356236,DoS,0.9972008096959903,21,3,666666.6667,0.0,1,1,93.92,CRITICAL,CRITICAL
859,DoS attacks-SlowHTTPTest,Malicious,0.9991814261356236,DoS,0.9972008096959903,21,3,666666.6667,0.0,1,1,93.92,CRITICAL,CRITICAL
860,DoS attacks-SlowHTTPTest,Malicious,0.9991814261356236,DoS,0.9972008096959903,21,3,666666.6667,0.0,1,1,93.92,CRITICAL,CRITICAL
861,DoS attacks-SlowHTTPTest,Malicious,0.9991814261356236,DoS,0.9972008096959903,21,3,666666.6667,0.0,1,1,93.92,CRITICAL,CRITICAL
862,DoS attacks-SlowHTTPTest,Malicious,0.9991814261356236,DoS,0.9972008096959903,21,3,666666.6667,0.0,1,1,93.92,CRITICAL,CRITICAL
863,DoS attacks-SlowHTTPTest,Malicious,0.997021980013712,DoS,0.9959146952429924,21,2,1000000.0,0.0,1,1,93.88,CRITICAL,CRITICAL
864,DoS attacks-SlowHTTPTest,Malicious,0.9991814261356236,DoS,0.9972008096959903,21,3,666666.6667,0.0,1,1,93.92,CRITICAL,CRITICAL
865,DoS attacks-SlowHTTPTest,Malicious,0.997021980013712,DoS,0.9959146952429924,21,2,1000000.0,0.0,1,1,93.88,CRITICAL,CRITICAL
866,DoS attacks-SlowHTTPTest,Malicious,0.997021980013712,DoS,0.9959146952429924,21,2,1000000.0,0.0,1,1,93.88,CRITICAL,CRITICAL
867,DoS attacks-SlowHTTPTest,Malicious,0.9976671748828277,DoS,0.9965055059330997,21,19,105263.1579,0.0,1,1,93.9,CRITICAL,CRITICAL
868,DoS attacks-SlowHTTPTest,Malicious,0.9991814261356236,DoS,0.9972008096959903,21,3,666666.6667,0.0,1,1,93.92,CRITICAL,CRITICAL
869,DoS attacks-SlowHTTPTest,Malicious,0.9991814261356236,DoS,0.9972008096959903,21,3,666666.6667,0.0,1,1,93.92,CRITICAL,CRITICAL
870,DoS attacks-SlowHTTPTest,Malicious,0.997021980013712,DoS,0.9959146952429924,21,2,1000000.0,0.0,1,1,93.88,CRITICAL,CRITICAL
871,DoS attacks-SlowHTTPTest,Malicious,0.9988754829076442,DoS,0.9965838196509015,21,14,142857.1429,0.0,1,1,93.9,CRITICAL,CRITICAL
872,DoS attacks-SlowHTTPTest,Malicious,0.9991814261356236,DoS,0.9972008096959903,21,3,666666.6667,0.0,1,1,93.92,CRITICAL,CRITICAL
873,DoS attacks-SlowHTTPTest,Malicious,0.997021980013712,DoS,0.9959146952429924,21,2,1000000.0,0.0,1,1,93.88,CRITICAL,CRITICAL
874,DoS attacks-SlowHTTPTest,Malicious,0.9991814261356236,DoS,0.9972008096959903,21,3,666666.6667,0.0,1,1,93.92,CRITICAL,CRITICAL
875,DoS attacks-SlowHTTPTest,Malicious,0.997021980013712,DoS,0.9959146952429924,21,2,1000000.0,0.0,1,1,93.88,CRITICAL,CRITICAL
876,DoS attacks-SlowHTTPTest,Malicious,0.9991814261356236,DoS,0.9972008096959903,21,3,666666.6667,0.0,1,1,93.92,CRITICAL,CRITICAL
877,DoS attacks-SlowHTTPTest,Malicious,0.998941075707827,DoS,0.9964058981213615,21,20,100000.0,0.0,1,1,93.89,CRITICAL,CRITICAL
878,DoS attacks-SlowHTTPTest,Malicious,0.997021980013712,DoS,0.9959146952429924,21,2,1000000.0,0.0,1,1,93.88,CRITICAL,CRITICAL
879,DoS attacks-SlowHTTPTest,Malicious,0.9991814261356236,DoS,0.9972008096959903,21,3,666666.6667,0.0,1,1,93.92,CRITICAL,CRITICAL
880,DoS attacks-SlowHTTPTest,Malicious,0.997021980013712,DoS,0.9959146952429924,21,2,1000000.0,0.0,1,1,93.88,CRITICAL,CRITICAL
881,DoS attacks-SlowHTTPTest,Malicious,0.9991814261356236,DoS,0.9972008096959903,21,3,666666.6667,0.0,1,1,93.92,CRITICAL,CRITICAL
882,DoS attacks-SlowHTTPTest,Malicious,0.997021980013712,DoS,0.9959146952429924,21,2,1000000.0,0.0,1,1,93.88,CRITICAL,CRITICAL
883,DoS attacks-SlowHTTPTest,Malicious,0.997021980013712,DoS,0.9959146952429924,21,2,1000000.0,0.0,1,1,93.88,CRITICAL,CRITICAL
884,DoS attacks-SlowHTTPTest,Malicious,0.9991814261356236,DoS,0.9972008096959903,21,3,666666.6667,0.0,1,1,93.92,CRITICAL,CRITICAL
885,DoS attacks-SlowHTTPTest,Malicious,0.997021980013712,DoS,0.9959146952429924,21,2,1000000.0,0.0,1,1,93.88,CRITICAL,CRITICAL
886,DoS attacks-SlowHTTPTest,Malicious,0.997021980013712,DoS,0.9959146952429924,21,2,1000000.0,0.0,1,1,93.88,CRITICAL,CRITICAL
887,DoS attacks-SlowHTTPTest,Malicious,0.9989534920453784,DoS,0.9987662056545448,21,33,60606.06061,0.0,1,1,93.96,CRITICAL,CRITICAL
888,DoS attacks-SlowHTTPTest,Malicious,0.997021980013712,DoS,0.9959146952429924,21,2,1000000.0,0.0,1,1,93.88,CRITICAL,CRITICAL
889,DoS attacks-SlowHTTPTest,Malicious,0.9991814261356236,DoS,0.9972008096959903,21,3,666666.6667,0.0,1,1,93.92,CRITICAL,CRITICAL
890,DoS attacks-SlowHTTPTest,Malicious,0.997021980013712,DoS,0.9959146952429924,21,2,1000000.0,0.0,1,1,93.88,CRITICAL,CRITICAL
891,DoS attacks-SlowHTTPTest,Malicious,0.997021980013712,DoS,0.9959146952429924,21,2,1000000.0,0.0,1,1,93.88,CRITICAL,CRITICAL
892,DoS attacks-SlowHTTPTest,Malicious,0.997021980013712,DoS,0.9959146952429924,21,2,1000000.0,0.0,1,1,93.88,CRITICAL,CRITICAL
893,DoS attacks-SlowHTTPTest,Malicious,0.997021980013712,DoS,0.9959146952429924,21,2,1000000.0,0.0,1,1,93.88,CRITICAL,CRITICAL
894,DoS attacks-SlowHTTPTest,Malicious,0.997021980013712,DoS,0.9959146952429924,21,2,1000000.0,0.0,1,1,93.88,CRITICAL,CRITICAL
895,DoS attacks-SlowHTTPTest,Malicious,0.997021980013712,DoS,0.9959146952429924,21,2,1000000.0,0.0,1,1,93.88,CRITICAL,CRITICAL
896,DoS attacks-SlowHTTPTest,Malicious,0.9991814261356236,DoS,0.9972008096959903,21,3,666666.6667,0.0,1,1,93.92,CRITICAL,CRITICAL
897,DoS attacks-SlowHTTPTest,Malicious,0.9990243989046871,DoS,0.9969142350527069,21,21,95238.09524,0.0,1,1,93.91,CRITICAL,CRITICAL
898,DoS attacks-SlowHTTPTest,Malicious,0.9991814261356236,DoS,0.9972008096959903,21,3,666666.6667,0.0,1,1,93.92,CRITICAL,CRITICAL
899,DoS attacks-SlowHTTPTest,Malicious,0.9991814261356236,DoS,0.9972008096959903,21,3,666666.6667,0.0,1,1,93.92,CRITICAL,CRITICAL
900,DoS attacks-SlowHTTPTest,Malicious,0.9991814261356236,DoS,0.9972008096959903,21,3,666666.6667,0.0,1,1,93.92,CRITICAL,CRITICAL
901,DoS attacks-SlowHTTPTest,Malicious,0.997021980013712,DoS,0.9959146952429924,21,2,1000000.0,0.0,1,1,93.88,CRITICAL,CRITICAL
902,DoS attacks-SlowHTTPTest,Malicious,0.9991814261356236,DoS,0.9972008096959903,21,3,666666.6667,0.0,1,1,93.92,CRITICAL,CRITICAL
903,DoS attacks-SlowHTTPTest,Malicious,0.997021980013712,DoS,0.9959146952429924,21,2,1000000.0,0.0,1,1,93.88,CRITICAL,CRITICAL
904,DoS attacks-SlowHTTPTest,Malicious,0.997021980013712,DoS,0.9959146952429924,21,2,1000000.0,0.0,1,1,93.88,CRITICAL,CRITICAL
905,DoS attacks-SlowHTTPTest,Malicious,0.997021980013712,DoS,0.9959146952429924,21,2,1000000.0,0.0,1,1,93.88,CRITICAL,CRITICAL
906,DoS attacks-SlowHTTPTest,Malicious,0.9991814261356236,DoS,0.9972008096959903,21,3,666666.6667,0.0,1,1,93.92,CRITICAL,CRITICAL
907,DoS attacks-SlowHTTPTest,Malicious,0.9990243989046871,DoS,0.9969142350527069,21,21,95238.09524,0.0,1,1,93.91,CRITICAL,CRITICAL
908,DoS attacks-SlowHTTPTest,Malicious,0.9991814261356236,DoS,0.9972008096959903,21,3,666666.6667,0.0,1,1,93.92,CRITICAL,CRITICAL
909,DoS attacks-SlowHTTPTest,Malicious,0.9991814261356236,DoS,0.9972008096959903,21,3,666666.6667,0.0,1,1,93.92,CRITICAL,CRITICAL
910,DoS attacks-SlowHTTPTest,Malicious,0.9991814261356236,DoS,0.9972008096959903,21,3,666666.6667,0.0,1,1,93.92,CRITICAL,CRITICAL
911,DoS attacks-SlowHTTPTest,Malicious,0.997021980013712,DoS,0.9959146952429924,21,2,1000000.0,0.0,1,1,93.88,CRITICAL,CRITICAL
912,DoS attacks-SlowHTTPTest,Malicious,0.997021980013712,DoS,0.9959146952429924,21,2,1000000.0,0.0,1,1,93.88,CRITICAL,CRITICAL
913,DoS attacks-SlowHTTPTest,Malicious,0.997021980013712,DoS,0.9959146952429924,21,2,1000000.0,0.0,1,1,93.88,CRITICAL,CRITICAL
914,DoS attacks-SlowHTTPTest,Malicious,0.9991814261356236,DoS,0.9972008096959903,21,3,666666.6667,0.0,1,1,93.92,CRITICAL,CRITICAL
915,DoS attacks-SlowHTTPTest,Malicious,0.997021980013712,DoS,0.9959146952429924,21,2,1000000.0,0.0,1,1,93.88,CRITICAL,CRITICAL
916,DoS attacks-SlowHTTPTest,Malicious,0.997021980013712,DoS,0.9959146952429924,21,2,1000000.0,0.0,1,1,93.88,CRITICAL,CRITICAL
917,DoS attacks-SlowHTTPTest,Malicious,0.9989834209641962,DoS,0.9991145115609652,21,27,74074.07407,0.0,1,1,93.97,CRITICAL,CRITICAL
918,DoS attacks-SlowHTTPTest,Malicious,0.9991744190838802,DoS,0.9972053722040928,21,5,400000.0,0.0,1,1,93.92,CRITICAL,CRITICAL
919,DoS attacks-SlowHTTPTest,Malicious,0.9991744190838802,DoS,0.9972053722040928,21,5,400000.0,0.0,1,1,93.92,CRITICAL,CRITICAL
920,DoS attacks-SlowHTTPTest,Malicious,0.9991122368835774,DoS,0.9972053722040928,21,4,500000.0,0.0,1,1,93.92,CRITICAL,CRITICAL
921,DoS attacks-SlowHTTPTest,Malicious,0.9991122368835774,DoS,0.9972053722040928,21,4,500000.0,0.0,1,1,93.92,CRITICAL,CRITICAL
922,DoS attacks-SlowHTTPTest,Malicious,0.9991744190838802,DoS,0.9972053722040928,21,5,400000.0,0.0,1,1,93.92,CRITICAL,CRITICAL
923,DoS attacks-SlowHTTPTest,Malicious,0.9991744190838802,DoS,0.9972053722040928,21,5,400000.0,0.0,1,1,93.92,CRITICAL,CRITICAL
924,DoS attacks-SlowHTTPTest,Malicious,0.9991814261356236,DoS,0.9972008096959903,21,3,666666.6667,0.0,1,1,93.92,CRITICAL,CRITICAL
925,DoS attacks-SlowHTTPTest,Malicious,0.997021980013712,DoS,0.9959146952429924,21,2,1000000.0,0.0,1,1,93.88,CRITICAL,CRITICAL
926,DoS attacks-SlowHTTPTest,Malicious,0.997021980013712,DoS,0.9959146952429924,21,2,1000000.0,0.0,1,1,93.88,CRITICAL,CRITICAL
927,DoS attacks-SlowHTTPTest,Malicious,0.9990243989046871,DoS,0.9969142350527069,21,21,95238.09524,0.0,1,1,93.91,CRITICAL,CRITICAL
928,DoS attacks-SlowHTTPTest,Malicious,0.9991814261356236,DoS,0.9972008096959903,21,3,666666.6667,0.0,1,1,93.92,CRITICAL,CRITICAL
929,DoS attacks-SlowHTTPTest,Malicious,0.997021980013712,DoS,0.9959146952429924,21,2,1000000.0,0.0,1,1,93.88,CRITICAL,CRITICAL
930,DoS attacks-SlowHTTPTest,Malicious,0.9991814261356236,DoS,0.9972008096959903,21,3,666666.6667,0.0,1,1,93.92,CRITICAL,CRITICAL
931,DoS attacks-SlowHTTPTest,Malicious,0.9991814261356236,DoS,0.9972008096959903,21,3,666666.6667,0.0,1,1,93.92,CRITICAL,CRITICAL
932,DoS attacks-SlowHTTPTest,Malicious,0.9991814261356236,DoS,0.9972008096959903,21,3,666666.6667,0.0,1,1,93.92,CRITICAL,CRITICAL
933,DoS attacks-SlowHTTPTest,Malicious,0.997021980013712,DoS,0.9959146952429924,21,2,1000000.0,0.0,1,1,93.88,CRITICAL,CRITICAL
934,DoS attacks-SlowHTTPTest,Malicious,0.997021980013712,DoS,0.9959146952429924,21,2,1000000.0,0.0,1,1,93.88,CRITICAL,CRITICAL
935,DoS attacks-SlowHTTPTest,Malicious,0.997021980013712,DoS,0.9959146952429924,21,2,1000000.0,0.0,1,1,93.88,CRITICAL,CRITICAL
936,DoS attacks-SlowHTTPTest,Malicious,0.9991814261356236,DoS,0.9972008096959903,21,3,666666.6667,0.0,1,1,93.92,CRITICAL,CRITICAL
937,DoS attacks-SlowHTTPTest,Malicious,0.9990451212632977,DoS,0.9960952278334371,21,22,90909.09091,0.0,1,1,93.88,CRITICAL,CRITICAL
938,DoS attacks-SlowHTTPTest,Malicious,0.9991122368835774,DoS,0.9972053722040928,21,4,500000.0,0.0,1,1,93.92,CRITICAL,CRITICAL
939,DoS attacks-SlowHTTPTest,Malicious,0.9991814261356236,DoS,0.9972008096959903,21,3,666666.6667,0.0,1,1,93.92,CRITICAL,CRITICAL
940,DoS attacks-SlowHTTPTest,Malicious,0.997021980013712,DoS,0.9959146952429924,21,2,1000000.0,0.0,1,1,93.88,CRITICAL,CRITICAL
941,DoS attacks-SlowHTTPTest,Malicious,0.997021980013712,DoS,0.9959146952429924,21,2,1000000.0,0.0,1,1,93.88,CRITICAL,CRITICAL
942,DoS attacks-SlowHTTPTest,Malicious,0.997021980013712,DoS,0.9959146952429924,21,2,1000000.0,0.0,1,1,93.88,CRITICAL,CRITICAL
943,DoS attacks-SlowHTTPTest,Malicious,0.9990616808859285,DoS,0.9971354404827253,21,15,133333.3333,0.0,1,1,93.91,CRITICAL,CRITICAL
944,DoS attacks-SlowHTTPTest,Malicious,0.9991814261356236,DoS,0.9972008096959903,21,3,666666.6667,0.0,1,1,93.92,CRITICAL,CRITICAL
945,DoS attacks-SlowHTTPTest,Malicious,0.997021980013712,DoS,0.9959146952429924,21,2,1000000.0,0.0,1,1,93.88,CRITICAL,CRITICAL
946,DoS attacks-SlowHTTPTest,Malicious,0.997021980013712,DoS,0.9959146952429924,21,2,1000000.0,0.0,1,1,93.88,CRITICAL,CRITICAL
947,DoS attacks-SlowHTTPTest,Malicious,0.998941075707827,DoS,0.9964058981213615,21,20,100000.0,0.0,1,1,93.89,CRITICAL,CRITICAL
948,DoS attacks-SlowHTTPTest,Malicious,0.9991814261356236,DoS,0.9972008096959903,21,3,666666.6667,0.0,1,1,93.92,CRITICAL,CRITICAL
949,DoS attacks-SlowHTTPTest,Malicious,0.997021980013712,DoS,0.9959146952429924,21,2,1000000.0,0.0,1,1,93.88,CRITICAL,CRITICAL
950,DoS attacks-SlowHTTPTest,Malicious,0.9991814261356236,DoS,0.9972008096959903,21,3,666666.6667,0.0,1,1,93.92,CRITICAL,CRITICAL
951,DoS attacks-SlowHTTPTest,Malicious,0.997021980013712,DoS,0.9959146952429924,21,2,1000000.0,0.0,1,1,93.88,CRITICAL,CRITICAL
952,DoS attacks-SlowHTTPTest,Malicious,0.9991814261356236,DoS,0.9972008096959903,21,3,666666.6667,0.0,1,1,93.92,CRITICAL,CRITICAL
953,DoS attacks-SlowHTTPTest,Malicious,0.997021980013712,DoS,0.9959146952429924,21,2,1000000.0,0.0,1,1,93.88,CRITICAL,CRITICAL
954,DoS attacks-SlowHTTPTest,Malicious,0.997021980013712,DoS,0.9959146952429924,21,2,1000000.0,0.0,1,1,93.88,CRITICAL,CRITICAL
955,DoS attacks-SlowHTTPTest,Malicious,0.997021980013712,DoS,0.9959146952429924,21,2,1000000.0,0.0,1,1,93.88,CRITICAL,CRITICAL
956,DoS attacks-SlowHTTPTest,Malicious,0.997021980013712,DoS,0.9959146952429924,21,2,1000000.0,0.0,1,1,93.88,CRITICAL,CRITICAL
957,DoS attacks-SlowHTTPTest,Malicious,0.9976671748828277,DoS,0.9965055059330997,21,19,105263.1579,0.0,1,1,93.9,CRITICAL,CRITICAL
958,DoS attacks-SlowHTTPTest,Malicious,0.997021980013712,DoS,0.9959146952429924,21,2,1000000.0,0.0,1,1,93.88,CRITICAL,CRITICAL
959,DoS attacks-SlowHTTPTest,Malicious,0.997021980013712,DoS,0.9959146952429924,21,2,1000000.0,0.0,1,1,93.88,CRITICAL,CRITICAL
960,DoS attacks-SlowHTTPTest,Malicious,0.9991122368835774,DoS,0.9972053722040928,21,4,500000.0,0.0,1,1,93.92,CRITICAL,CRITICAL
961,DoS attacks-SlowHTTPTest,Malicious,0.9991814261356236,DoS,0.9972008096959903,21,3,666666.6667,0.0,1,1,93.92,CRITICAL,CRITICAL
962,DoS attacks-SlowHTTPTest,Malicious,0.997021980013712,DoS,0.9959146952429924,21,2,1000000.0,0.0,1,1,93.88,CRITICAL,CRITICAL
963,DoS attacks-SlowHTTPTest,Malicious,0.997021980013712,DoS,0.9959146952429924,21,2,1000000.0,0.0,1,1,93.88,CRITICAL,CRITICAL
964,DoS attacks-SlowHTTPTest,Malicious,0.9991814261356236,DoS,0.9972008096959903,21,3,666666.6667,0.0,1,1,93.92,CRITICAL,CRITICAL
965,DoS attacks-SlowHTTPTest,Malicious,0.997021980013712,DoS,0.9959146952429924,21,2,1000000.0,0.0,1,1,93.88,CRITICAL,CRITICAL
966,DoS attacks-SlowHTTPTest,Malicious,0.997021980013712,DoS,0.9959146952429924,21,2,1000000.0,0.0,1,1,93.88,CRITICAL,CRITICAL
967,DoS attacks-SlowHTTPTest,Malicious,0.9983394210266541,DoS,0.9969169749507311,21,23,86956.52174,0.0,1,1,93.91,CRITICAL,CRITICAL
968,DoS attacks-SlowHTTPTest,Malicious,0.9991814261356236,DoS,0.9972008096959903,21,3,666666.6667,0.0,1,1,93.92,CRITICAL,CRITICAL
969,DoS attacks-SlowHTTPTest,Malicious,0.997021980013712,DoS,0.9959146952429924,21,2,1000000.0,0.0,1,1,93.88,CRITICAL,CRITICAL
970,DoS attacks-SlowHTTPTest,Malicious,0.9991316949879481,DoS,0.9976306050741328,21,1,2000000.0,0.0,1,1,93.93,CRITICAL,CRITICAL
971,DoS attacks-SlowHTTPTest,Malicious,0.997021980013712,DoS,0.9959146952429924,21,2,1000000.0,0.0,1,1,93.88,CRITICAL,CRITICAL
972,DoS attacks-SlowHTTPTest,Malicious,0.997021980013712,DoS,0.9959146952429924,21,2,1000000.0,0.0,1,1,93.88,CRITICAL,CRITICAL
973,DoS attacks-SlowHTTPTest,Malicious,0.997021980013712,DoS,0.9959146952429924,21,2,1000000.0,0.0,1,1,93.88,CRITICAL,CRITICAL
974,DoS attacks-SlowHTTPTest,Malicious,0.9991814261356236,DoS,0.9972008096959903,21,3,666666.6667,0.0,1,1,93.92,CRITICAL,CRITICAL
975,DoS attacks-SlowHTTPTest,Malicious,0.997021980013712,DoS,0.9959146952429924,21,2,1000000.0,0.0,1,1,93.88,CRITICAL,CRITICAL
976,DoS attacks-SlowHTTPTest,Malicious,0.9991814261356236,DoS,0.9972008096959903,21,3,666666.6667,0.0,1,1,93.92,CRITICAL,CRITICAL
977,DoS attacks-SlowHTTPTest,Malicious,0.9983394210266541,DoS,0.9969169749507311,21,23,86956.52174,0.0,1,1,93.91,CRITICAL,CRITICAL
978,DoS attacks-SlowHTTPTest,Malicious,0.9991814261356236,DoS,0.9972008096959903,21,3,666666.6667,0.0,1,1,93.92,CRITICAL,CRITICAL
979,DoS attacks-SlowHTTPTest,Malicious,0.997021980013712,DoS,0.9959146952429924,21,2,1000000.0,0.0,1,1,93.88,CRITICAL,CRITICAL
980,DoS attacks-SlowHTTPTest,Malicious,0.9991814261356236,DoS,0.9972008096959903,21,3,666666.6667,0.0,1,1,93.92,CRITICAL,CRITICAL
981,DoS attacks-SlowHTTPTest,Malicious,0.997021980013712,DoS,0.9959146952429924,21,2,1000000.0,0.0,1,1,93.88,CRITICAL,CRITICAL
982,DoS attacks-SlowHTTPTest,Malicious,0.9991814261356236,DoS,0.9972008096959903,21,3,666666.6667,0.0,1,1,93.92,CRITICAL,CRITICAL
983,DoS attacks-SlowHTTPTest,Malicious,0.997021980013712,DoS,0.9959146952429924,21,2,1000000.0,0.0,1,1,93.88,CRITICAL,CRITICAL
984,DoS attacks-SlowHTTPTest,Malicious,0.997021980013712,DoS,0.9959146952429924,21,2,1000000.0,0.0,1,1,93.88,CRITICAL,CRITICAL
985,DoS attacks-SlowHTTPTest,Malicious,0.9991814261356236,DoS,0.9972008096959903,21,3,666666.6667,0.0,1,1,93.92,CRITICAL,CRITICAL
986,DoS attacks-SlowHTTPTest,Malicious,0.9991814261356236,DoS,0.9972008096959903,21,3,666666.6667,0.0,1,1,93.92,CRITICAL,CRITICAL
987,DoS attacks-SlowHTTPTest,Malicious,0.9974721214961242,DoS,0.9991145115609652,21,26,76923.07692,0.0,1,1,93.97,CRITICAL,CRITICAL
988,DoS attacks-SlowHTTPTest,Malicious,0.9984633513407082,DoS,0.996731769957154,21,6,333333.3333,0.0,1,1,93.9,CRITICAL,CRITICAL
989,DoS attacks-SlowHTTPTest,Malicious,0.9991814261356236,DoS,0.9972008096959903,21,3,666666.6667,0.0,1,1,93.92,CRITICAL,CRITICAL
990,DoS attacks-SlowHTTPTest,Malicious,0.9991814261356236,DoS,0.9972008096959903,21,3,666666.6667,0.0,1,1,93.92,CRITICAL,CRITICAL
991,DoS attacks-SlowHTTPTest,Malicious,0.9991814261356236,DoS,0.9972008096959903,21,3,666666.6667,0.0,1,1,93.92,CRITICAL,CRITICAL
992,DoS attacks-SlowHTTPTest,Malicious,0.997021980013712,DoS,0.9959146952429924,21,2,1000000.0,0.0,1,1,93.88,CRITICAL,CRITICAL
993,DoS attacks-SlowHTTPTest,Malicious,0.997021980013712,DoS,0.9959146952429924,21,2,1000000.0,0.0,1,1,93.88,CRITICAL,CRITICAL
994,DoS attacks-SlowHTTPTest,Malicious,0.9991814261356236,DoS,0.9972008096959903,21,3,666666.6667,0.0,1,1,93.92,CRITICAL,CRITICAL
995,DoS attacks-SlowHTTPTest,Malicious,0.997021980013712,DoS,0.9959146952429924,21,2,1000000.0,0.0,1,1,93.88,CRITICAL,CRITICAL
996,DoS attacks-SlowHTTPTest,Malicious,0.997021980013712,DoS,0.9959146952429924,21,2,1000000.0,0.0,1,1,93.88,CRITICAL,CRITICAL
997,DoS attacks-SlowHTTPTest,Malicious,0.9989669600588464,DoS,0.9991145115609652,21,30,66666.66667,0.0,1,1,93.97,CRITICAL,CRITICAL
998,DoS attacks-SlowHTTPTest,Malicious,0.9984633513407082,DoS,0.996731769957154,21,6,333333.3333,0.0,1,1,93.9,CRITICAL,CRITICAL
999,DoS attacks-SlowHTTPTest,Malicious,0.9991744190838802,DoS,0.9972053722040928,21,5,400000.0,0.0,1,1,93.92,CRITICAL,CRITICAL
